group	sample	contig	gene_id	start	end	strand	pfam_acc	pfam_name	system	evalue	score
wastewater	SRR12447093	k141_28449	k141_28449_9	6521	6865	+	PF01545	Cation_efflux	czc_cation_efflux	0.011	18.1
wastewater	SRR12447093	k141_74507	k141_74507_9	5324	7579	+	PF01545	Cation_efflux	czc_cation_efflux	0.049	16.0
wastewater	SRR12447093	k141_21631	k141_21631_1	3	314	-	PF13450	NAD_binding_8	mer_mercuric_reductase	2.1e-20	75.3
wastewater	SRR12447093	k141_41781	k141_41781_2	684	1751	-	PF13450	NAD_binding_8	mer_mercuric_reductase	0.0014	21.4
wastewater	SRR12447093	k141_129390	k141_129390_1	3	1226	-	PF13450	NAD_binding_8	mer_mercuric_reductase	0.0024	20.6
wastewater	SRR12447093	k141_51385	k141_51385_2	693	1760	-	PF13450	NAD_binding_8	mer_mercuric_reductase	0.0048	19.7
wastewater	SRR12447093	k141_46252	k141_46252_16	9795	10457	+	PF13450	NAD_binding_8	mer_mercuric_reductase	0.024	17.5
wastewater	SRR12447093	k141_89588	k141_89588_4	1815	2489	+	PF13450	NAD_binding_8	mer_mercuric_reductase	0.039	16.8
wastewater	SRR12447091	k141_143494	k141_143494_11	7632	7976	+	PF01545	Cation_efflux	czc_cation_efflux	0.011	18.1
wastewater	SRR12447091	k141_108163	k141_108163_13	8830	11085	+	PF01545	Cation_efflux	czc_cation_efflux	0.049	16.0
wastewater	SRR12447091	k141_121925	k141_121925_2	227	1318	-	PF13450	NAD_binding_8	mer_mercuric_reductase	1.4e-20	75.8
wastewater	SRR12447091	k141_51611	k141_51611_1	1	603	-	PF13450	NAD_binding_8	mer_mercuric_reductase	1e-19	73.1
wastewater	SRR12447091	k141_46891	k141_46891_13	7392	8441	+	PF13450	NAD_binding_8	mer_mercuric_reductase	0.00013	24.7
wastewater	SRR12447091	k141_118542	k141_118542_3	950	1246	+	PF13450	NAD_binding_8	mer_mercuric_reductase	0.00076	22.2
wastewater	SRR12447091	k141_25512	k141_25512_2	567	1073	+	PF13450	NAD_binding_8	mer_mercuric_reductase	0.00097	21.9
wastewater	SRR12447091	k141_146167	k141_146167_2	684	1751	-	PF13450	NAD_binding_8	mer_mercuric_reductase	0.0014	21.4
wastewater	SRR12447091	k141_146171	k141_146171_2	693	1760	-	PF13450	NAD_binding_8	mer_mercuric_reductase	0.0049	19.7
wastewater	SRR12447091	k141_45887	k141_45887_18	11652	12314	+	PF13450	NAD_binding_8	mer_mercuric_reductase	0.024	17.5
wastewater	SRR12447092	k141_108468	k141_108468_20	9422	9766	-	PF01545	Cation_efflux	czc_cation_efflux	0.011	18.1
wastewater	SRR12447092	k141_27430	k141_27430_7	9601	11856	-	PF01545	Cation_efflux	czc_cation_efflux	0.049	16.0
wastewater	SRR12447092	k141_70023	k141_70023_2	805	1896	+	PF13450	NAD_binding_8	mer_mercuric_reductase	1.5e-20	75.8
wastewater	SRR12447092	k141_86746	k141_86746_1	2	985	-	PF13450	NAD_binding_8	mer_mercuric_reductase	1.7e-20	75.6
wastewater	SRR12447092	k141_125362	k141_125362_1	39	929	+	PF13450	NAD_binding_8	mer_mercuric_reductase	1.8e-05	27.5
wastewater	SRR12447092	k141_155712	k141_155712_4	1210	1770	+	PF13450	NAD_binding_8	mer_mercuric_reductase	4.6e-05	26.2
wastewater	SRR12447092	k141_110437	k141_110437_1	3	122	-	PF13450	NAD_binding_8	mer_mercuric_reductase	0.00017	24.4
wastewater	SRR12447092	k141_7911	k141_7911_3	1005	1412	+	PF13450	NAD_binding_8	mer_mercuric_reductase	0.00081	22.2
wastewater	SRR12447092	k141_95888	k141_95888_2	684	1751	-	PF13450	NAD_binding_8	mer_mercuric_reductase	0.0014	21.4
wastewater	SRR12447092	k141_24273	k141_24273_1	1	177	-	PF13450	NAD_binding_8	mer_mercuric_reductase	0.0048	19.7
wastewater	SRR12447092	k141_27109	k141_27109_2	693	1760	-	PF13450	NAD_binding_8	mer_mercuric_reductase	0.0049	19.7
wastewater	SRR12447092	k141_23686	k141_23686_2	135	1346	-	PF13450	NAD_binding_8	mer_mercuric_reductase	0.0059	19.4
wastewater	SRR12447092	k141_89291	k141_89291_15	11122	11784	+	PF13450	NAD_binding_8	mer_mercuric_reductase	0.024	17.5
wastewater	SRR12447092	k141_125237	k141_125237_1	3	2069	-	PF02614	UxaC	sil_cus_RND_efflux	0.013	16.9
wastewater	SRR12447095	k141_7090	k141_7090_49	43707	44051	-	PF01545	Cation_efflux	czc_cation_efflux	0.011	18.1
wastewater	SRR12447095	k141_87111	k141_87111_1	3	1925	-	PF01545	Cation_efflux	czc_cation_efflux	0.04	16.2
wastewater	SRR12447095	k141_97837	k141_97837_2	805	1101	+	PF13450	NAD_binding_8	mer_mercuric_reductase	1.4e-21	79.0
wastewater	SRR12447095	k141_50428	k141_50428_4	1487	2578	-	PF13450	NAD_binding_8	mer_mercuric_reductase	3.6e-20	74.5
wastewater	SRR12447095	k141_151850	k141_151850_1	1	1239	-	PF13450	NAD_binding_8	mer_mercuric_reductase	1.2e-07	34.5
wastewater	SRR12447095	k141_103710	k141_103710_2	497	1546	-	PF13450	NAD_binding_8	mer_mercuric_reductase	0.00013	24.7
wastewater	SRR12447095	k141_23152	k141_23152_2	94	1161	+	PF13450	NAD_binding_8	mer_mercuric_reductase	0.0014	21.4
wastewater	SRR12447095	k141_131594	k141_131594_2	94	1161	+	PF13450	NAD_binding_8	mer_mercuric_reductase	0.0048	19.7
wastewater	SRR12447095	k141_115323	k141_115323_3	1287	2654	+	PF13450	NAD_binding_8	mer_mercuric_reductase	0.0055	19.5
wastewater	SRR12447095	k141_92174	k141_92174_1	3	263	-	PF13450	NAD_binding_8	mer_mercuric_reductase	0.0094	18.7
wastewater	SRR12447095	k141_121870	k141_121870_10	8338	9000	-	PF13450	NAD_binding_8	mer_mercuric_reductase	0.024	17.5
wastewater	SRR12447094	k141_34667	k141_34667_2	483	839	-	PF03960	ArsC	ars_arsenate_reductase	3.4e-21	76.7
wastewater	SRR12447094	k141_58146	k141_58146_5	3201	4349	+	PF03960	ArsC	ars_arsenate_reductase	4.6e-21	76.3
wastewater	SRR12447094	k141_84376	k141_84376_8	4175	4600	+	PF03960	ArsC	ars_arsenate_reductase	2.7e-20	73.8
wastewater	SRR12447094	k141_58761	k141_58761_6	4855	5202	+	PF03960	ArsC	ars_arsenate_reductase	1.1e-18	68.7
wastewater	SRR12447094	k141_47207	k141_47207_1	2	1024	+	PF03960	ArsC	ars_arsenate_reductase	1.6e-15	58.5
wastewater	SRR12447094	k141_56899	k141_56899_1	3	227	+	PF03960	ArsC	ars_arsenate_reductase	3.2e-14	54.3
wastewater	SRR12447094	k141_25797	k141_25797_4	859	1200	-	PF03960	ArsC	ars_arsenate_reductase	2.1e-13	51.8
wastewater	SRR12447094	k141_84355	k141_84355_2	944	1303	-	PF03960	ArsC	ars_arsenate_reductase	6.7e-10	40.5
wastewater	SRR12447094	k141_35968	k141_35968_2	531	869	+	PF03960	ArsC	ars_arsenate_reductase	3e-05	25.6
wastewater	SRR12447094	k141_33765	k141_33765_5	4322	4426	+	PF03960	ArsC	ars_arsenate_reductase	0.034	15.8
wastewater	SRR12447094	k141_89817	k141_89817_2	1229	2173	+	PF01545	Cation_efflux	czc_cation_efflux	3.8e-47	162.0
wastewater	SRR12447094	k141_29587	k141_29587_3	2408	3373	+	PF01545	Cation_efflux	czc_cation_efflux	1.7e-46	159.9
wastewater	SRR12447094	k141_50105	k141_50105_2	525	1439	-	PF01545	Cation_efflux	czc_cation_efflux	2.1e-46	159.6
wastewater	SRR12447094	k141_45910	k141_45910_3	1083	1982	+	PF01545	Cation_efflux	czc_cation_efflux	2.8e-46	159.2
wastewater	SRR12447094	k141_90943	k141_90943_2	761	1627	-	PF01545	Cation_efflux	czc_cation_efflux	2.2e-45	156.2
wastewater	SRR12447094	k141_30282	k141_30282_13	16577	17563	-	PF01545	Cation_efflux	czc_cation_efflux	1.6e-44	153.4
wastewater	SRR12447094	k141_60417	k141_60417_2	990	1862	+	PF01545	Cation_efflux	czc_cation_efflux	1.4e-42	147.1
wastewater	SRR12447094	k141_80382	k141_80382_13	13303	14298	+	PF01545	Cation_efflux	czc_cation_efflux	3.3e-42	145.9
wastewater	SRR12447094	k141_1128	k141_1128_3	1998	2918	-	PF01545	Cation_efflux	czc_cation_efflux	2.4e-41	143.1
wastewater	SRR12447094	k141_43616	k141_43616_2	1500	2417	-	PF01545	Cation_efflux	czc_cation_efflux	4.8e-41	142.1
wastewater	SRR12447094	k141_47709	k141_47709_2	185	1378	-	PF01545	Cation_efflux	czc_cation_efflux	3.6e-39	136.0
wastewater	SRR12447094	k141_84376	k141_84376_7	3002	4018	-	PF01545	Cation_efflux	czc_cation_efflux	2.6e-38	133.2
wastewater	SRR12447094	k141_88041	k141_88041_1	1	765	-	PF01545	Cation_efflux	czc_cation_efflux	1.4e-34	121.0
wastewater	SRR12447094	k141_53922	k141_53922_2	514	1131	+	PF01545	Cation_efflux	czc_cation_efflux	1.7e-34	120.7
wastewater	SRR12447094	k141_94795	k141_94795_6	3846	4772	-	PF01545	Cation_efflux	czc_cation_efflux	3.1e-34	119.9
wastewater	SRR12447094	k141_89862	k141_89862_2	853	1794	-	PF01545	Cation_efflux	czc_cation_efflux	1.1e-33	118.1
wastewater	SRR12447094	k141_24027	k141_24027_2	981	1880	+	PF01545	Cation_efflux	czc_cation_efflux	9.6e-25	88.9
wastewater	SRR12447094	k141_22635	k141_22635_2	924	1865	-	PF01545	Cation_efflux	czc_cation_efflux	7.9e-20	72.8
wastewater	SRR12447094	k141_38368	k141_38368_3	940	1575	-	PF01545	Cation_efflux	czc_cation_efflux	6.8e-18	66.5
wastewater	SRR12447094	k141_67285	k141_67285_1	1	351	-	PF01545	Cation_efflux	czc_cation_efflux	2.3e-12	48.5
wastewater	SRR12447094	k141_5117	k141_5117_3	2773	3321	-	PF01545	Cation_efflux	czc_cation_efflux	1.1e-10	43.1
wastewater	SRR12447094	k141_94629	k141_94629_2	651	1100	-	PF01545	Cation_efflux	czc_cation_efflux	3.3e-05	25.1
wastewater	SRR12447094	k141_46066	k141_46066_4	2600	3493	-	PF01545	Cation_efflux	czc_cation_efflux	0.022	15.9
wastewater	SRR12447094	k141_12670	k141_12670_9	6704	8098	-	PF00394	Cu-oxidase	pco_cop_multicopper_oxidase	0.00013	23.5
wastewater	SRR12447094	k141_60128	k141_60128_2	741	1232	+	PF13450	NAD_binding_8	mer_mercuric_reductase	1.6e-20	74.5
wastewater	SRR12447094	k141_50441	k141_50441_1	2	1258	-	PF13450	NAD_binding_8	mer_mercuric_reductase	1.6e-16	61.7
wastewater	SRR12447094	k141_46979	k141_46979_18	12829	13851	+	PF13450	NAD_binding_8	mer_mercuric_reductase	8.1e-16	59.4
wastewater	SRR12447094	k141_101490	k141_101490_2	737	1072	+	PF13450	NAD_binding_8	mer_mercuric_reductase	8.5e-16	59.4
wastewater	SRR12447094	k141_17103	k141_17103_4	4195	5292	+	PF13450	NAD_binding_8	mer_mercuric_reductase	1.6e-15	58.4
wastewater	SRR12447094	k141_50956	k141_50956_2	1617	2771	+	PF13450	NAD_binding_8	mer_mercuric_reductase	1.8e-14	55.1
wastewater	SRR12447094	k141_78514	k141_78514_2	848	2128	+	PF13450	NAD_binding_8	mer_mercuric_reductase	2.4e-14	54.7
wastewater	SRR12447094	k141_24075	k141_24075_6	3370	4278	-	PF13450	NAD_binding_8	mer_mercuric_reductase	3e-14	54.4
wastewater	SRR12447094	k141_76365	k141_76365_2	1869	2567	+	PF13450	NAD_binding_8	mer_mercuric_reductase	1.6e-13	52.1
wastewater	SRR12447094	k141_76365	k141_76365_1	1	1872	+	PF13450	NAD_binding_8	mer_mercuric_reductase	1.7e-13	52.0
wastewater	SRR12447094	k141_45590	k141_45590_1	2	982	+	PF13450	NAD_binding_8	mer_mercuric_reductase	2.5e-13	51.5
wastewater	SRR12447094	k141_39033	k141_39033_2	501	1982	-	PF13450	NAD_binding_8	mer_mercuric_reductase	2.9e-13	51.2
wastewater	SRR12447094	k141_32693	k141_32693_22	19993	21144	+	PF13450	NAD_binding_8	mer_mercuric_reductase	9.4e-13	49.6
wastewater	SRR12447094	k141_65854	k141_65854_2	818	1120	+	PF13450	NAD_binding_8	mer_mercuric_reductase	1.5e-12	48.9
wastewater	SRR12447094	k141_60676	k141_60676_1	1	1182	-	PF13450	NAD_binding_8	mer_mercuric_reductase	1.6e-12	48.9
wastewater	SRR12447094	k141_52252	k141_52252_1	192	1673	-	PF13450	NAD_binding_8	mer_mercuric_reductase	3.1e-12	48.0
wastewater	SRR12447094	k141_60368	k141_60368_2	204	1352	-	PF13450	NAD_binding_8	mer_mercuric_reductase	8.3e-12	46.6
wastewater	SRR12447094	k141_49715	k141_49715_1	1	1599	-	PF13450	NAD_binding_8	mer_mercuric_reductase	2.8e-11	44.9
wastewater	SRR12447094	k141_45479	k141_45479_1	2	1084	-	PF13450	NAD_binding_8	mer_mercuric_reductase	6.3e-11	43.7
wastewater	SRR12447094	k141_77998	k141_77998_13	9539	10882	-	PF13450	NAD_binding_8	mer_mercuric_reductase	8.1e-11	43.4
wastewater	SRR12447094	k141_90921	k141_90921_1	3	785	-	PF13450	NAD_binding_8	mer_mercuric_reductase	9e-11	43.3
wastewater	SRR12447094	k141_15096	k141_15096_4	2232	3698	+	PF13450	NAD_binding_8	mer_mercuric_reductase	1.2e-10	42.8
wastewater	SRR12447094	k141_73062	k141_73062_1	2	1252	-	PF13450	NAD_binding_8	mer_mercuric_reductase	2.9e-10	41.6
wastewater	SRR12447094	k141_18634	k141_18634_1	2	2896	+	PF13450	NAD_binding_8	mer_mercuric_reductase	5.1e-10	40.9
wastewater	SRR12447094	k141_17574	k141_17574_2	2046	2942	+	PF13450	NAD_binding_8	mer_mercuric_reductase	5.8e-10	40.7
wastewater	SRR12447094	k141_44335	k141_44335_1	2	631	-	PF13450	NAD_binding_8	mer_mercuric_reductase	7.1e-10	40.4
wastewater	SRR12447094	k141_68242	k141_68242_1	1	576	-	PF13450	NAD_binding_8	mer_mercuric_reductase	9.5e-10	40.0
wastewater	SRR12447094	k141_98262	k141_98262_22	24632	25315	+	PF13450	NAD_binding_8	mer_mercuric_reductase	1.4e-09	39.4
wastewater	SRR12447094	k141_59828	k141_59828_3	2202	4553	+	PF13450	NAD_binding_8	mer_mercuric_reductase	2e-09	39.0
wastewater	SRR12447094	k141_30218	k141_30218_2	591	1364	-	PF13450	NAD_binding_8	mer_mercuric_reductase	2e-09	38.9
wastewater	SRR12447094	k141_28651	k141_28651_1	3	1217	-	PF13450	NAD_binding_8	mer_mercuric_reductase	2.2e-09	38.8
wastewater	SRR12447094	k141_97305	k141_97305_1	87	1031	+	PF13450	NAD_binding_8	mer_mercuric_reductase	3.2e-09	38.3
wastewater	SRR12447094	k141_84222	k141_84222_2	646	1863	-	PF13450	NAD_binding_8	mer_mercuric_reductase	4.4e-09	37.8
wastewater	SRR12447094	k141_6400	k141_6400_3	2290	3471	-	PF13450	NAD_binding_8	mer_mercuric_reductase	5.6e-09	37.5
wastewater	SRR12447094	k141_6315	k141_6315_4	2646	3362	+	PF13450	NAD_binding_8	mer_mercuric_reductase	6.2e-09	37.4
wastewater	SRR12447094	k141_24959	k141_24959_3	1356	1517	+	PF13450	NAD_binding_8	mer_mercuric_reductase	1e-08	36.7
wastewater	SRR12447094	k141_87456	k141_87456_1	3	902	-	PF13450	NAD_binding_8	mer_mercuric_reductase	1.2e-08	36.5
wastewater	SRR12447094	k141_71109	k141_71109_1	2	1045	-	PF13450	NAD_binding_8	mer_mercuric_reductase	1.8e-08	35.9
wastewater	SRR12447094	k141_82244	k141_82244_4	2843	3937	-	PF13450	NAD_binding_8	mer_mercuric_reductase	1.9e-08	35.8
wastewater	SRR12447094	k141_91977	k141_91977_2	843	1613	-	PF13450	NAD_binding_8	mer_mercuric_reductase	2e-08	35.7
wastewater	SRR12447094	k141_35188	k141_35188_3	834	1565	+	PF13450	NAD_binding_8	mer_mercuric_reductase	4.1e-08	34.8
wastewater	SRR12447094	k141_79469	k141_79469_5	5122	8370	+	PF13450	NAD_binding_8	mer_mercuric_reductase	4.5e-08	34.6
wastewater	SRR12447094	k141_64349	k141_64349_2	382	1161	-	PF13450	NAD_binding_8	mer_mercuric_reductase	4.8e-08	34.5
wastewater	SRR12447094	k141_95669	k141_95669_1	61	1305	-	PF13450	NAD_binding_8	mer_mercuric_reductase	5.7e-08	34.3
wastewater	SRR12447094	k141_66835	k141_66835_5	3713	4957	-	PF13450	NAD_binding_8	mer_mercuric_reductase	5.7e-08	34.3
wastewater	SRR12447094	k141_31891	k141_31891_4	4157	5659	+	PF13450	NAD_binding_8	mer_mercuric_reductase	6.9e-08	34.0
wastewater	SRR12447094	k141_11890	k141_11890_2	309	1124	+	PF13450	NAD_binding_8	mer_mercuric_reductase	7.4e-08	33.9
wastewater	SRR12447094	k141_60115	k141_60115_1	242	2626	-	PF13450	NAD_binding_8	mer_mercuric_reductase	9.8e-08	33.5
wastewater	SRR12447094	k141_17567	k141_17567_5	3015	3689	+	PF13450	NAD_binding_8	mer_mercuric_reductase	1.2e-07	33.2
wastewater	SRR12447094	k141_39366	k141_39366_1	332	1468	+	PF13450	NAD_binding_8	mer_mercuric_reductase	1.3e-07	33.1
wastewater	SRR12447094	k141_77998	k141_77998_9	5436	7130	-	PF13450	NAD_binding_8	mer_mercuric_reductase	2e-07	32.5
wastewater	SRR12447094	k141_65647	k141_65647_3	1115	2389	-	PF13450	NAD_binding_8	mer_mercuric_reductase	2.1e-07	32.5
wastewater	SRR12447094	k141_38571	k141_38571_1	21	1064	+	PF13450	NAD_binding_8	mer_mercuric_reductase	2.1e-07	32.5
wastewater	SRR12447094	k141_83398	k141_83398_8	4193	4555	+	PF13450	NAD_binding_8	mer_mercuric_reductase	2.2e-07	32.4
wastewater	SRR12447094	k141_85263	k141_85263_4	1586	1948	+	PF13450	NAD_binding_8	mer_mercuric_reductase	2.5e-07	32.2
wastewater	SRR12447094	k141_970	k141_970_1	3	1037	-	PF13450	NAD_binding_8	mer_mercuric_reductase	2.5e-07	32.2
wastewater	SRR12447094	k141_30047	k141_30047_18	19857	21665	-	PF13450	NAD_binding_8	mer_mercuric_reductase	2.9e-07	32.0
wastewater	SRR12447094	k141_23317	k141_23317_1	290	1516	+	PF13450	NAD_binding_8	mer_mercuric_reductase	3.2e-07	31.9
wastewater	SRR12447094	k141_14073	k141_14073_2	208	1218	+	PF13450	NAD_binding_8	mer_mercuric_reductase	3.6e-07	31.7
wastewater	SRR12447094	k141_61017	k141_61017_1	2	538	-	PF13450	NAD_binding_8	mer_mercuric_reductase	4.8e-07	31.3
wastewater	SRR12447094	k141_75412	k141_75412_1	2	1642	+	PF13450	NAD_binding_8	mer_mercuric_reductase	4.9e-07	31.3
wastewater	SRR12447094	k141_2535	k141_2535_2	404	1021	-	PF13450	NAD_binding_8	mer_mercuric_reductase	5.2e-07	31.2
wastewater	SRR12447094	k141_77375	k141_77375_3	443	2104	-	PF13450	NAD_binding_8	mer_mercuric_reductase	5.2e-07	31.2
wastewater	SRR12447094	k141_75199	k141_75199_1	3	551	-	PF13450	NAD_binding_8	mer_mercuric_reductase	5.6e-07	31.1
wastewater	SRR12447094	k141_68185	k141_68185_1	3	2363	-	PF13450	NAD_binding_8	mer_mercuric_reductase	6.1e-07	31.0
wastewater	SRR12447094	k141_19930	k141_19930_7	9072	9695	+	PF13450	NAD_binding_8	mer_mercuric_reductase	6.7e-07	30.9
wastewater	SRR12447094	k141_76913	k141_76913_6	3857	5122	+	PF13450	NAD_binding_8	mer_mercuric_reductase	7.4e-07	30.7
wastewater	SRR12447094	k141_69832	k141_69832_1	3	1103	-	PF13450	NAD_binding_8	mer_mercuric_reductase	8.7e-07	30.5
wastewater	SRR12447094	k141_90926	k141_90926_2	453	1361	+	PF13450	NAD_binding_8	mer_mercuric_reductase	9.7e-07	30.3
wastewater	SRR12447094	k141_9298	k141_9298_5	5542	6516	-	PF13450	NAD_binding_8	mer_mercuric_reductase	1.4e-06	29.8
wastewater	SRR12447094	k141_17041	k141_17041_5	3944	4984	-	PF13450	NAD_binding_8	mer_mercuric_reductase	1.6e-06	29.6
wastewater	SRR12447094	k141_63197	k141_63197_2	1051	1515	+	PF13450	NAD_binding_8	mer_mercuric_reductase	1.8e-06	29.5
wastewater	SRR12447094	k141_3943	k141_3943_1	1	1152	-	PF13450	NAD_binding_8	mer_mercuric_reductase	1.9e-06	29.4
wastewater	SRR12447094	k141_23637	k141_23637_3	1676	2782	+	PF13450	NAD_binding_8	mer_mercuric_reductase	2.6e-06	29.0
wastewater	SRR12447094	k141_42613	k141_42613_2	893	2185	+	PF13450	NAD_binding_8	mer_mercuric_reductase	3.1e-06	28.7
wastewater	SRR12447094	k141_92562	k141_92562_2	356	1456	-	PF13450	NAD_binding_8	mer_mercuric_reductase	3.2e-06	28.7
wastewater	SRR12447094	k141_70787	k141_70787_1	3	188	-	PF13450	NAD_binding_8	mer_mercuric_reductase	3.2e-06	28.7
wastewater	SRR12447094	k141_25544	k141_25544_4	2085	3251	+	PF13450	NAD_binding_8	mer_mercuric_reductase	3.5e-06	28.6
wastewater	SRR12447094	k141_97987	k141_97987_3	1127	2038	+	PF13450	NAD_binding_8	mer_mercuric_reductase	3.6e-06	28.5
wastewater	SRR12447094	k141_65798	k141_65798_1	1	612	-	PF13450	NAD_binding_8	mer_mercuric_reductase	3.6e-06	28.5
wastewater	SRR12447094	k141_93374	k141_93374_1	3	1250	-	PF13450	NAD_binding_8	mer_mercuric_reductase	4.8e-06	28.1
wastewater	SRR12447094	k141_37961	k141_37961_1	3	1004	-	PF13450	NAD_binding_8	mer_mercuric_reductase	4.9e-06	28.1
wastewater	SRR12447094	k141_65057	k141_65057_4	1677	4127	-	PF13450	NAD_binding_8	mer_mercuric_reductase	5e-06	28.1
wastewater	SRR12447094	k141_16548	k141_16548_1	11	1066	-	PF13450	NAD_binding_8	mer_mercuric_reductase	5.2e-06	28.0
wastewater	SRR12447094	k141_5049	k141_5049_8	5508	7166	-	PF13450	NAD_binding_8	mer_mercuric_reductase	5.5e-06	27.9
wastewater	SRR12447094	k141_25618	k141_25618_1	444	1952	-	PF13450	NAD_binding_8	mer_mercuric_reductase	5.9e-06	27.8
wastewater	SRR12447094	k141_43427	k141_43427_4	3875	5731	-	PF13450	NAD_binding_8	mer_mercuric_reductase	6.1e-06	27.8
wastewater	SRR12447094	k141_75613	k141_75613_2	1796	2962	+	PF13450	NAD_binding_8	mer_mercuric_reductase	7.6e-06	27.5
wastewater	SRR12447094	k141_13216	k141_13216_2	539	1174	+	PF13450	NAD_binding_8	mer_mercuric_reductase	7.8e-06	27.4
wastewater	SRR12447094	k141_95872	k141_95872_3	1197	2621	+	PF13450	NAD_binding_8	mer_mercuric_reductase	8.3e-06	27.3
wastewater	SRR12447094	k141_9897	k141_9897_1	2	667	-	PF13450	NAD_binding_8	mer_mercuric_reductase	1.3e-05	26.7
wastewater	SRR12447094	k141_53579	k141_53579_2	533	1234	+	PF13450	NAD_binding_8	mer_mercuric_reductase	1.5e-05	26.5
wastewater	SRR12447094	k141_198	k141_198_1	1	741	-	PF13450	NAD_binding_8	mer_mercuric_reductase	1.6e-05	26.4
wastewater	SRR12447094	k141_69751	k141_69751_1	1	696	-	PF13450	NAD_binding_8	mer_mercuric_reductase	1.7e-05	26.3
wastewater	SRR12447094	k141_98816	k141_98816_1	1	1482	-	PF13450	NAD_binding_8	mer_mercuric_reductase	1.7e-05	26.3
wastewater	SRR12447094	k141_44336	k141_44336_1	109	1503	-	PF13450	NAD_binding_8	mer_mercuric_reductase	2e-05	26.1
wastewater	SRR12447094	k141_80127	k141_80127_2	961	1332	+	PF13450	NAD_binding_8	mer_mercuric_reductase	2.5e-05	25.8
wastewater	SRR12447094	k141_77454	k141_77454_5	3506	5095	+	PF13450	NAD_binding_8	mer_mercuric_reductase	3.6e-05	25.3
wastewater	SRR12447094	k141_64065	k141_64065_2	1264	2421	+	PF13450	NAD_binding_8	mer_mercuric_reductase	4.5e-05	25.0
wastewater	SRR12447094	k141_5049	k141_5049_10	8162	9472	-	PF13450	NAD_binding_8	mer_mercuric_reductase	4.9e-05	24.9
wastewater	SRR12447094	k141_80601	k141_80601_11	10296	11225	-	PF13450	NAD_binding_8	mer_mercuric_reductase	5.4e-05	24.7
wastewater	SRR12447094	k141_54245	k141_54245_1	33	1769	-	PF13450	NAD_binding_8	mer_mercuric_reductase	5.6e-05	24.7
wastewater	SRR12447094	k141_67512	k141_67512_1	3	1187	-	PF13450	NAD_binding_8	mer_mercuric_reductase	5.9e-05	24.6
wastewater	SRR12447094	k141_31614	k141_31614_2	148	1335	+	PF13450	NAD_binding_8	mer_mercuric_reductase	6.5e-05	24.5
wastewater	SRR12447094	k141_28431	k141_28431_3	1756	3024	-	PF13450	NAD_binding_8	mer_mercuric_reductase	8.2e-05	24.2
wastewater	SRR12447094	k141_27516	k141_27516_1	2	754	-	PF13450	NAD_binding_8	mer_mercuric_reductase	9e-05	24.0
wastewater	SRR12447094	k141_1718	k141_1718_2	958	2391	-	PF13450	NAD_binding_8	mer_mercuric_reductase	9e-05	24.0
wastewater	SRR12447094	k141_38439	k141_38439_2	1256	2575	+	PF13450	NAD_binding_8	mer_mercuric_reductase	0.00012	23.6
wastewater	SRR12447094	k141_42203	k141_42203_4	1461	2117	+	PF13450	NAD_binding_8	mer_mercuric_reductase	0.00012	23.6
wastewater	SRR12447094	k141_49269	k141_49269_1	266	1210	-	PF13450	NAD_binding_8	mer_mercuric_reductase	0.00013	23.6
wastewater	SRR12447094	k141_1964	k141_1964_2	1966	3258	-	PF13450	NAD_binding_8	mer_mercuric_reductase	0.00013	23.5
wastewater	SRR12447094	k141_20186	k141_20186_3	905	1207	+	PF13450	NAD_binding_8	mer_mercuric_reductase	0.00016	23.3
wastewater	SRR12447094	k141_78766	k141_78766_2	542	1291	+	PF13450	NAD_binding_8	mer_mercuric_reductase	0.00022	22.8
wastewater	SRR12447094	k141_19261	k141_19261_1	1	1110	-	PF13450	NAD_binding_8	mer_mercuric_reductase	0.00022	22.8
wastewater	SRR12447094	k141_5380	k141_5380_1	1	513	-	PF13450	NAD_binding_8	mer_mercuric_reductase	0.00023	22.7
wastewater	SRR12447094	k141_34660	k141_34660_2	181	2637	-	PF13450	NAD_binding_8	mer_mercuric_reductase	0.00031	22.3
wastewater	SRR12447094	k141_64764	k141_64764_1	2	1720	+	PF13450	NAD_binding_8	mer_mercuric_reductase	0.00035	22.1
wastewater	SRR12447094	k141_64279	k141_64279_1	3	1409	+	PF13450	NAD_binding_8	mer_mercuric_reductase	0.00038	22.0
wastewater	SRR12447094	k141_58146	k141_58146_10	11189	11971	+	PF13450	NAD_binding_8	mer_mercuric_reductase	0.0004	22.0
wastewater	SRR12447094	k141_3940	k141_3940_1	2	721	-	PF13450	NAD_binding_8	mer_mercuric_reductase	0.0004	21.9
wastewater	SRR12447094	k141_63292	k141_63292_4	2967	4157	+	PF13450	NAD_binding_8	mer_mercuric_reductase	0.00052	21.6
wastewater	SRR12447094	k141_25124	k141_25124_1	7	1317	-	PF13450	NAD_binding_8	mer_mercuric_reductase	0.00058	21.4
wastewater	SRR12447094	k141_39908	k141_39908_9	5366	6580	-	PF13450	NAD_binding_8	mer_mercuric_reductase	0.00061	21.4
wastewater	SRR12447094	k141_97086	k141_97086_3	2925	4265	+	PF13450	NAD_binding_8	mer_mercuric_reductase	0.00069	21.2
wastewater	SRR12447094	k141_94610	k141_94610_2	723	2438	+	PF13450	NAD_binding_8	mer_mercuric_reductase	0.00074	21.1
wastewater	SRR12447094	k141_38685	k141_38685_1	3	932	-	PF13450	NAD_binding_8	mer_mercuric_reductase	0.00083	20.9
wastewater	SRR12447094	k141_24939	k141_24939_1	63	1412	-	PF13450	NAD_binding_8	mer_mercuric_reductase	0.00087	20.9
wastewater	SRR12447094	k141_9122	k141_9122_2	3141	4700	+	PF13450	NAD_binding_8	mer_mercuric_reductase	0.00093	20.8
wastewater	SRR12447094	k141_29190	k141_29190_4	2063	2632	+	PF13450	NAD_binding_8	mer_mercuric_reductase	0.001	20.7
wastewater	SRR12447094	k141_88523	k141_88523_2	1997	3226	-	PF13450	NAD_binding_8	mer_mercuric_reductase	0.0012	20.5
wastewater	SRR12447094	k141_23690	k141_23690_4	1328	2272	-	PF13450	NAD_binding_8	mer_mercuric_reductase	0.0015	20.2
wastewater	SRR12447094	k141_9714	k141_9714_7	5053	6522	-	PF13450	NAD_binding_8	mer_mercuric_reductase	0.0017	20.0
wastewater	SRR12447094	k141_12829	k141_12829_2	613	1044	+	PF13450	NAD_binding_8	mer_mercuric_reductase	0.0025	19.4
wastewater	SRR12447094	k141_86197	k141_86197_2	411	1682	-	PF13450	NAD_binding_8	mer_mercuric_reductase	0.0028	19.3
wastewater	SRR12447094	k141_78603	k141_78603_5	4310	5095	-	PF13450	NAD_binding_8	mer_mercuric_reductase	0.003	19.2
wastewater	SRR12447094	k141_56094	k141_56094_1	3	455	-	PF13450	NAD_binding_8	mer_mercuric_reductase	0.0036	18.9
wastewater	SRR12447094	k141_83225	k141_83225_4	2005	2277	+	PF13450	NAD_binding_8	mer_mercuric_reductase	0.0037	18.9
wastewater	SRR12447094	k141_209	k141_209_3	2123	3814	+	PF13450	NAD_binding_8	mer_mercuric_reductase	0.0046	18.5
wastewater	SRR12447094	k141_38767	k141_38767_4	2626	2952	+	PF13450	NAD_binding_8	mer_mercuric_reductase	0.0049	18.5
wastewater	SRR12447094	k141_73523	k141_73523_1	2	868	-	PF13450	NAD_binding_8	mer_mercuric_reductase	0.005	18.4
wastewater	SRR12447094	k141_78727	k141_78727_2	780	1757	-	PF13450	NAD_binding_8	mer_mercuric_reductase	0.0051	18.4
wastewater	SRR12447094	k141_65169	k141_65169_1	1	648	-	PF13450	NAD_binding_8	mer_mercuric_reductase	0.0051	18.4
wastewater	SRR12447094	k141_49393	k141_49393_2	582	2150	-	PF13450	NAD_binding_8	mer_mercuric_reductase	0.0063	18.1
wastewater	SRR12447094	k141_89150	k141_89150_1	2	442	-	PF13450	NAD_binding_8	mer_mercuric_reductase	0.0079	17.8
wastewater	SRR12447094	k141_71235	k141_71235_1	1	768	-	PF13450	NAD_binding_8	mer_mercuric_reductase	0.0098	17.5
wastewater	SRR12447094	k141_65789	k141_65789_1	3	1316	-	PF13450	NAD_binding_8	mer_mercuric_reductase	0.0098	17.5
wastewater	SRR12447094	k141_28804	k141_28804_2	787	1014	+	PF13450	NAD_binding_8	mer_mercuric_reductase	0.0099	17.5
wastewater	SRR12447094	k141_17486	k141_17486_15	19502	20398	+	PF13450	NAD_binding_8	mer_mercuric_reductase	0.011	17.4
wastewater	SRR12447094	k141_37927	k141_37927_1	3	986	-	PF13450	NAD_binding_8	mer_mercuric_reductase	0.011	17.4
wastewater	SRR12447094	k141_30047	k141_30047_9	10106	11155	-	PF13450	NAD_binding_8	mer_mercuric_reductase	0.013	17.1
wastewater	SRR12447094	k141_38421	k141_38421_1	2	1135	-	PF13450	NAD_binding_8	mer_mercuric_reductase	0.013	17.1
wastewater	SRR12447094	k141_4087	k141_4087_6	5276	6355	+	PF13450	NAD_binding_8	mer_mercuric_reductase	0.014	17.0
wastewater	SRR12447094	k141_69486	k141_69486_1	3	119	-	PF13450	NAD_binding_8	mer_mercuric_reductase	0.014	17.0
wastewater	SRR12447094	k141_63952	k141_63952_3	2289	3647	-	PF13450	NAD_binding_8	mer_mercuric_reductase	0.016	16.8
wastewater	SRR12447094	k141_38290	k141_38290_3	1035	1418	+	PF13450	NAD_binding_8	mer_mercuric_reductase	0.02	16.5
wastewater	SRR12447094	k141_59434	k141_59434_2	634	1518	+	PF13450	NAD_binding_8	mer_mercuric_reductase	0.022	16.4
wastewater	SRR12447094	k141_71081	k141_71081_5	2315	3607	+	PF13450	NAD_binding_8	mer_mercuric_reductase	0.022	16.4
wastewater	SRR12447094	k141_13416	k141_13416_1	1	1164	-	PF13450	NAD_binding_8	mer_mercuric_reductase	0.023	16.4
wastewater	SRR12447094	k141_68407	k141_68407_2	423	1619	-	PF13450	NAD_binding_8	mer_mercuric_reductase	0.023	16.3
wastewater	SRR12447094	k141_13614	k141_13614_1	1	1263	-	PF13450	NAD_binding_8	mer_mercuric_reductase	0.024	16.3
wastewater	SRR12447094	k141_4649	k141_4649_24	25867	26814	+	PF13450	NAD_binding_8	mer_mercuric_reductase	0.026	16.1
wastewater	SRR12447094	k141_65685	k141_65685_1	3	506	-	PF13450	NAD_binding_8	mer_mercuric_reductase	0.028	16.0
wastewater	SRR12447094	k141_39962	k141_39962_2	684	1697	+	PF13450	NAD_binding_8	mer_mercuric_reductase	0.031	15.9
wastewater	SRR12447094	k141_53906	k141_53906_9	6246	7445	-	PF13450	NAD_binding_8	mer_mercuric_reductase	0.034	15.8
wastewater	SRR12447094	k141_64823	k141_64823_2	195	1337	-	PF13450	NAD_binding_8	mer_mercuric_reductase	0.038	15.6
wastewater	SRR12447094	k141_48477	k141_48477_6	4689	5630	-	PF13450	NAD_binding_8	mer_mercuric_reductase	0.039	15.6
wastewater	SRR12447094	k141_86607	k141_86607_3	1097	1384	+	PF13450	NAD_binding_8	mer_mercuric_reductase	0.039	15.6
wastewater	SRR12447094	k141_43950	k141_43950_4	2676	3800	+	PF13450	NAD_binding_8	mer_mercuric_reductase	0.041	15.5
wastewater	SRR12447094	k141_64829	k141_64829_1	196	1143	-	PF13450	NAD_binding_8	mer_mercuric_reductase	0.046	15.3
wastewater	SRR12447094	k141_75469	k141_75469_3	2324	2872	+	PF13450	NAD_binding_8	mer_mercuric_reductase	0.05	15.2
wastewater	SRR12447094	k141_95042	k141_95042_2	836	2266	+	PF02614	UxaC	sil_cus_RND_efflux	1.6e-195	651.7
wastewater	SRR12447094	k141_34096	k141_34096_1	1	1062	-	PF02614	UxaC	sil_cus_RND_efflux	1.5e-142	477.1
wastewater	SRR12447094	k141_83887	k141_83887_1	1	714	+	PF02614	UxaC	sil_cus_RND_efflux	3.5e-92	311.0
wastewater	SRR12447094	k141_37064	k141_37064_5	5030	5707	+	PF02614	UxaC	sil_cus_RND_efflux	1e-84	286.4
wastewater	SRR12447094	k141_86041	k141_86041_3	1250	1648	-	PF02614	UxaC	sil_cus_RND_efflux	2.2e-59	202.9
wastewater	SRR12447094	k141_1483	k141_1483_3	1272	1379	-	PF02614	UxaC	sil_cus_RND_efflux	3.7e-05	24.1
river	SRR8870486	k119_27660	k119_27660_8	5619	5966	+	PF03960	ArsC	ars_arsenate_reductase	2.8e-24	86.4
river	SRR8870486	k119_7605	k119_7605_4	1671	2057	-	PF03960	ArsC	ars_arsenate_reductase	3.8e-23	82.8
river	SRR8870486	k119_59722	k119_59722_2	992	1339	+	PF03960	ArsC	ars_arsenate_reductase	6e-23	82.2
river	SRR8870486	k119_29427	k119_29427_1	265	699	+	PF03960	ArsC	ars_arsenate_reductase	5.4e-22	79.1
river	SRR8870486	k119_61616	k119_61616_35	33336	33686	+	PF03960	ArsC	ars_arsenate_reductase	6e-22	79.0
river	SRR8870486	k119_34478	k119_34478_2	983	1402	+	PF03960	ArsC	ars_arsenate_reductase	1.1e-21	78.2
river	SRR8870486	k119_62902	k119_62902_2	1198	1611	-	PF03960	ArsC	ars_arsenate_reductase	1.8e-21	77.4
river	SRR8870486	k119_57249	k119_57249_2	292	648	-	PF03960	ArsC	ars_arsenate_reductase	4e-20	73.1
river	SRR8870486	k119_9394	k119_9394_3	1576	1926	-	PF03960	ArsC	ars_arsenate_reductase	8.2e-20	72.1
river	SRR8870486	k119_72138	k119_72138_3	1603	2025	+	PF03960	ArsC	ars_arsenate_reductase	2.3e-19	70.7
river	SRR8870486	k119_58523	k119_58523_1	1	237	+	PF03960	ArsC	ars_arsenate_reductase	1.7e-18	67.9
river	SRR8870486	k119_9744	k119_9744_2	374	802	-	PF03960	ArsC	ars_arsenate_reductase	1.6e-17	64.7
river	SRR8870486	k119_20669	k119_20669_2	1321	1671	+	PF03960	ArsC	ars_arsenate_reductase	1.3e-16	61.9
river	SRR8870486	k119_74451	k119_74451_3	1043	1225	-	PF03960	ArsC	ars_arsenate_reductase	8.4e-13	49.6
river	SRR8870486	k119_12406	k119_12406_9	8047	8451	+	PF03960	ArsC	ars_arsenate_reductase	2.6e-12	48.0
river	SRR8870486	k119_4498	k119_4498_4	2111	2422	-	PF03960	ArsC	ars_arsenate_reductase	7.6e-12	46.6
river	SRR8870486	k119_118	k119_118_8	6406	6639	-	PF03960	ArsC	ars_arsenate_reductase	2.4e-11	45.0
river	SRR8870486	k119_7859	k119_7859_5	3857	4015	-	PF03960	ArsC	ars_arsenate_reductase	5.3e-09	37.5
river	SRR8870486	k119_60713	k119_60713_5	5485	5928	+	PF03960	ArsC	ars_arsenate_reductase	3.4e-08	34.9
river	SRR8870486	k119_15800	k119_15800_2	745	1053	+	PF03960	ArsC	ars_arsenate_reductase	1.1e-07	33.3
river	SRR8870486	k119_66494	k119_66494_4	3653	3829	+	PF03960	ArsC	ars_arsenate_reductase	0.0027	19.2
river	SRR8870486	k119_33835	k119_33835_1	80	949	-	PF03960	ArsC	ars_arsenate_reductase	0.035	15.6
river	SRR8870486	k119_45081	k119_45081_1	228	1379	-	PF01545	Cation_efflux	czc_cation_efflux	3.9e-51	174.9
river	SRR8870486	k119_63014	k119_63014_1	355	1263	+	PF01545	Cation_efflux	czc_cation_efflux	7.9e-47	160.8
river	SRR8870486	k119_7081	k119_7081_3	2362	3333	+	PF01545	Cation_efflux	czc_cation_efflux	2.1e-46	159.4
river	SRR8870486	k119_7682	k119_7682_8	5975	6916	+	PF01545	Cation_efflux	czc_cation_efflux	3.8e-46	158.6
river	SRR8870486	k119_21367	k119_21367_1	147	1046	-	PF01545	Cation_efflux	czc_cation_efflux	3.6e-44	152.1
river	SRR8870486	k119_14261	k119_14261_2	1648	2547	+	PF01545	Cation_efflux	czc_cation_efflux	3.7e-44	152.1
river	SRR8870486	k119_19462	k119_19462_1	215	1114	-	PF01545	Cation_efflux	czc_cation_efflux	1.9e-43	149.8
river	SRR8870486	k119_38166	k119_38166_3	883	1980	+	PF01545	Cation_efflux	czc_cation_efflux	1.5e-42	146.9
river	SRR8870486	k119_39905	k119_39905_1	160	1167	-	PF01545	Cation_efflux	czc_cation_efflux	6.4e-42	144.8
river	SRR8870486	k119_49985	k119_49985_1	92	1030	-	PF01545	Cation_efflux	czc_cation_efflux	1.9e-40	139.9
river	SRR8870486	k119_44264	k119_44264_2	120	1085	+	PF01545	Cation_efflux	czc_cation_efflux	5e-40	138.6
river	SRR8870486	k119_55513	k119_55513_2	1602	2549	-	PF01545	Cation_efflux	czc_cation_efflux	2.5e-39	136.3
river	SRR8870486	k119_56236	k119_56236_4	2173	3060	+	PF01545	Cation_efflux	czc_cation_efflux	3.4e-39	135.9
river	SRR8870486	k119_57195	k119_57195_3	4064	4984	+	PF01545	Cation_efflux	czc_cation_efflux	9.7e-38	131.1
river	SRR8870486	k119_16242	k119_16242_17	16095	16772	+	PF01545	Cation_efflux	czc_cation_efflux	1.1e-37	131.0
river	SRR8870486	k119_13864	k119_13864_6	4017	4928	+	PF01545	Cation_efflux	czc_cation_efflux	1.1e-37	130.9
river	SRR8870486	k119_65825	k119_65825_1	1	1068	+	PF01545	Cation_efflux	czc_cation_efflux	1.8e-36	127.0
river	SRR8870486	k119_33687	k119_33687_1	1	819	+	PF01545	Cation_efflux	czc_cation_efflux	5.2e-36	125.5
river	SRR8870486	k119_1547	k119_1547_3	1652	2596	+	PF01545	Cation_efflux	czc_cation_efflux	5.9e-35	122.1
river	SRR8870486	k119_41137	k119_41137_1	2	808	+	PF01545	Cation_efflux	czc_cation_efflux	1.8e-34	120.5
river	SRR8870486	k119_67097	k119_67097_3	1532	2515	+	PF01545	Cation_efflux	czc_cation_efflux	4.2e-33	116.0
river	SRR8870486	k119_21010	k119_21010_5	3331	4245	-	PF01545	Cation_efflux	czc_cation_efflux	5.7e-31	109.0
river	SRR8870486	k119_56009	k119_56009_16	16733	17647	-	PF01545	Cation_efflux	czc_cation_efflux	2e-30	107.3
river	SRR8870486	k119_53522	k119_53522_2	525	1310	+	PF01545	Cation_efflux	czc_cation_efflux	2.1e-28	100.7
river	SRR8870486	k119_15796	k119_15796_3	1779	2663	+	PF01545	Cation_efflux	czc_cation_efflux	2.4e-26	93.9
river	SRR8870486	k119_7316	k119_7316_5	5315	6187	+	PF01545	Cation_efflux	czc_cation_efflux	9.9e-24	85.4
river	SRR8870486	k119_42939	k119_42939_2	340	1023	-	PF01545	Cation_efflux	czc_cation_efflux	3.4e-21	77.1
river	SRR8870486	k119_67872	k119_67872_4	2537	3469	+	PF01545	Cation_efflux	czc_cation_efflux	2.5e-19	71.1
river	SRR8870486	k119_25299	k119_25299_1	2	595	-	PF01545	Cation_efflux	czc_cation_efflux	2.5e-17	64.5
river	SRR8870486	k119_35103	k119_35103_4	3879	4562	+	PF01545	Cation_efflux	czc_cation_efflux	9.2e-17	62.7
river	SRR8870486	k119_43006	k119_43006_3	511	1200	-	PF01545	Cation_efflux	czc_cation_efflux	2.4e-16	61.3
river	SRR8870486	k119_35383	k119_35383_5	2926	4026	+	PF01545	Cation_efflux	czc_cation_efflux	2.1e-14	55.0
river	SRR8870486	k119_38227	k119_38227_3	989	1756	+	PF01545	Cation_efflux	czc_cation_efflux	3.1e-14	54.4
river	SRR8870486	k119_37724	k119_37724_1	1	522	+	PF01545	Cation_efflux	czc_cation_efflux	1.5e-13	52.1
river	SRR8870486	k119_254	k119_254_5	3610	4902	-	PF01545	Cation_efflux	czc_cation_efflux	1e-12	49.4
river	SRR8870486	k119_21745	k119_21745_4	998	1633	-	PF01545	Cation_efflux	czc_cation_efflux	1.5e-12	48.9
river	SRR8870486	k119_68068	k119_68068_1	3	773	-	PF01545	Cation_efflux	czc_cation_efflux	1.9e-11	45.3
river	SRR8870486	k119_60191	k119_60191_1	1	543	+	PF01545	Cation_efflux	czc_cation_efflux	6.6e-11	43.6
river	SRR8870486	k119_36828	k119_36828_1	3	746	-	PF01545	Cation_efflux	czc_cation_efflux	4.4e-08	34.3
river	SRR8870486	k119_73214	k119_73214_1	3	167	-	PF01545	Cation_efflux	czc_cation_efflux	9.7e-08	33.2
river	SRR8870486	k119_31574	k119_31574_2	736	972	-	PF01545	Cation_efflux	czc_cation_efflux	2.7e-05	25.2
river	SRR8870486	k119_6586	k119_6586_1	3	578	-	PF01545	Cation_efflux	czc_cation_efflux	0.0003	21.8
river	SRR8870486	k119_10845	k119_10845_4	1714	1902	-	PF01545	Cation_efflux	czc_cation_efflux	0.0071	17.3
river	SRR8870486	k119_20530	k119_20530_7	4719	5351	-	PF01545	Cation_efflux	czc_cation_efflux	0.0075	17.3
river	SRR8870486	k119_31721	k119_31721_3	1246	2919	-	PF00394	Cu-oxidase	pco_cop_multicopper_oxidase	3.8e-30	106.3
river	SRR8870486	k119_2414	k119_2414_1	76	2001	+	PF00394	Cu-oxidase	pco_cop_multicopper_oxidase	2.4e-29	103.7
river	SRR8870486	k119_12116	k119_12116_4	1454	3265	-	PF00394	Cu-oxidase	pco_cop_multicopper_oxidase	4.7e-29	102.7
river	SRR8870486	k119_26647	k119_26647_65	55917	57632	+	PF00394	Cu-oxidase	pco_cop_multicopper_oxidase	1.3e-26	94.8
river	SRR8870486	k119_63731	k119_63731_1	1	1425	+	PF00394	Cu-oxidase	pco_cop_multicopper_oxidase	1.5e-25	91.3
river	SRR8870486	k119_36245	k119_36245_2	96	1766	-	PF00394	Cu-oxidase	pco_cop_multicopper_oxidase	4.7e-25	89.7
river	SRR8870486	k119_32253	k119_32253_1	3	1694	+	PF00394	Cu-oxidase	pco_cop_multicopper_oxidase	2.6e-24	87.3
river	SRR8870486	k119_41732	k119_41732_2	1139	2845	-	PF00394	Cu-oxidase	pco_cop_multicopper_oxidase	6.2e-23	82.8
river	SRR8870486	k119_32083	k119_32083_2	585	1601	-	PF00394	Cu-oxidase	pco_cop_multicopper_oxidase	8.1e-08	33.7
river	SRR8870486	k119_1190	k119_1190_3	1207	2082	+	PF00394	Cu-oxidase	pco_cop_multicopper_oxidase	1.1e-07	33.3
river	SRR8870486	k119_45469	k119_45469_4	1415	2221	+	PF00394	Cu-oxidase	pco_cop_multicopper_oxidase	1.8e-05	26.1
river	SRR8870486	k119_65081	k119_65081_1	2	739	+	PF00394	Cu-oxidase	pco_cop_multicopper_oxidase	0.0001	23.6
river	SRR8870486	k119_61693	k119_61693_5	1791	3233	-	PF00394	Cu-oxidase	pco_cop_multicopper_oxidase	0.00013	23.4
river	SRR8870486	k119_49839	k119_49839_1	3	404	+	PF00394	Cu-oxidase	pco_cop_multicopper_oxidase	0.0013	20.1
river	SRR8870486	k119_11208	k119_11208_1	3	1133	+	PF00394	Cu-oxidase	pco_cop_multicopper_oxidase	0.0032	18.8
river	SRR8870486	k119_8326	k119_8326_1	1	564	+	PF00394	Cu-oxidase	pco_cop_multicopper_oxidase	0.0042	18.4
river	SRR8870486	k119_49977	k119_49977_2	278	1255	+	PF13450	NAD_binding_8	mer_mercuric_reductase	2.6e-17	64.0
river	SRR8870486	k119_37596	k119_37596_2	328	1854	-	PF13450	NAD_binding_8	mer_mercuric_reductase	1.2e-16	61.9
river	SRR8870486	k119_62827	k119_62827_2	151	1476	+	PF13450	NAD_binding_8	mer_mercuric_reductase	2.2e-16	61.1
river	SRR8870486	k119_26112	k119_26112_1	1	1113	-	PF13450	NAD_binding_8	mer_mercuric_reductase	7.8e-16	59.3
river	SRR8870486	k119_57448	k119_57448_2	107	1480	+	PF13450	NAD_binding_8	mer_mercuric_reductase	2.2e-15	57.9
river	SRR8870486	k119_25794	k119_25794_4	2903	3310	+	PF13450	NAD_binding_8	mer_mercuric_reductase	2.8e-15	57.5
river	SRR8870486	k119_40616	k119_40616_2	482	1969	-	PF13450	NAD_binding_8	mer_mercuric_reductase	4.1e-15	57.0
river	SRR8870486	k119_32029	k119_32029_1	1	291	-	PF13450	NAD_binding_8	mer_mercuric_reductase	5.6e-15	56.6
river	SRR8870486	k119_7903	k119_7903_2	1038	2567	-	PF13450	NAD_binding_8	mer_mercuric_reductase	6e-15	56.5
river	SRR8870486	k119_28518	k119_28518_3	1763	3367	-	PF13450	NAD_binding_8	mer_mercuric_reductase	7.8e-15	56.1
river	SRR8870486	k119_36402	k119_36402_7	4540	4815	+	PF13450	NAD_binding_8	mer_mercuric_reductase	8.1e-15	56.1
river	SRR8870486	k119_16401	k119_16401_3	1599	3185	-	PF13450	NAD_binding_8	mer_mercuric_reductase	1e-14	55.7
river	SRR8870486	k119_20874	k119_20874_8	5525	6862	-	PF13450	NAD_binding_8	mer_mercuric_reductase	1.5e-14	55.2
river	SRR8870486	k119_24136	k119_24136_1	39	1133	+	PF13450	NAD_binding_8	mer_mercuric_reductase	2e-14	54.8
river	SRR8870486	k119_4919	k119_4919_1	1	780	-	PF13450	NAD_binding_8	mer_mercuric_reductase	2.1e-14	54.7
river	SRR8870486	k119_66423	k119_66423_1	2	1279	+	PF13450	NAD_binding_8	mer_mercuric_reductase	3.8e-14	53.9
river	SRR8870486	k119_9644	k119_9644_4	2238	3521	-	PF13450	NAD_binding_8	mer_mercuric_reductase	4.6e-14	53.6
river	SRR8870486	k119_43531	k119_43531_7	6015	7487	-	PF13450	NAD_binding_8	mer_mercuric_reductase	4.9e-14	53.5
river	SRR8870486	k119_19636	k119_19636_1	2	286	-	PF13450	NAD_binding_8	mer_mercuric_reductase	5.7e-14	53.3
river	SRR8870486	k119_59375	k119_59375_2	242	1108	+	PF13450	NAD_binding_8	mer_mercuric_reductase	1.1e-13	52.4
river	SRR8870486	k119_21584	k119_21584_1	1	963	-	PF13450	NAD_binding_8	mer_mercuric_reductase	1.3e-13	52.2
river	SRR8870486	k119_46127	k119_46127_4	1659	2918	+	PF13450	NAD_binding_8	mer_mercuric_reductase	2.7e-13	51.2
river	SRR8870486	k119_45824	k119_45824_1	3	866	-	PF13450	NAD_binding_8	mer_mercuric_reductase	3.5e-13	50.8
river	SRR8870486	k119_16158	k119_16158_1	2	490	-	PF13450	NAD_binding_8	mer_mercuric_reductase	5.2e-13	50.3
river	SRR8870486	k119_43531	k119_43531_11	10829	11794	+	PF13450	NAD_binding_8	mer_mercuric_reductase	8.2e-13	49.6
river	SRR8870486	k119_6930	k119_6930_2	521	1600	+	PF13450	NAD_binding_8	mer_mercuric_reductase	1.2e-12	49.1
river	SRR8870486	k119_46562	k119_46562_2	718	1956	-	PF13450	NAD_binding_8	mer_mercuric_reductase	1.9e-12	48.4
river	SRR8870486	k119_24511	k119_24511_2	944	1735	+	PF13450	NAD_binding_8	mer_mercuric_reductase	4.2e-12	47.4
river	SRR8870486	k119_63883	k119_63883_1	2	358	-	PF13450	NAD_binding_8	mer_mercuric_reductase	4.2e-12	47.4
river	SRR8870486	k119_2605	k119_2605_2	515	2680	-	PF13450	NAD_binding_8	mer_mercuric_reductase	4.4e-12	47.3
river	SRR8870486	k119_59393	k119_59393_21	19874	21310	-	PF13450	NAD_binding_8	mer_mercuric_reductase	1.1e-11	46.0
river	SRR8870486	k119_26647	k119_26647_77	66973	68487	+	PF13450	NAD_binding_8	mer_mercuric_reductase	1.8e-11	45.4
river	SRR8870486	k119_11190	k119_11190_2	476	2083	+	PF13450	NAD_binding_8	mer_mercuric_reductase	2.7e-11	44.7
river	SRR8870486	k119_67986	k119_67986_1	3	692	-	PF13450	NAD_binding_8	mer_mercuric_reductase	3.2e-11	44.5
river	SRR8870486	k119_43708	k119_43708_2	94	1095	+	PF13450	NAD_binding_8	mer_mercuric_reductase	4e-11	44.2
river	SRR8870486	k119_12406	k119_12406_40	39524	41122	+	PF13450	NAD_binding_8	mer_mercuric_reductase	4e-11	44.2
river	SRR8870486	k119_66683	k119_66683_1	1	591	-	PF13450	NAD_binding_8	mer_mercuric_reductase	4.8e-11	44.0
river	SRR8870486	k119_50411	k119_50411_2	538	1509	-	PF13450	NAD_binding_8	mer_mercuric_reductase	5.3e-11	43.8
river	SRR8870486	k119_22492	k119_22492_1	2	1129	+	PF13450	NAD_binding_8	mer_mercuric_reductase	7.1e-11	43.4
river	SRR8870486	k119_13562	k119_13562_2	919	2253	-	PF13450	NAD_binding_8	mer_mercuric_reductase	7.5e-11	43.3
river	SRR8870486	k119_35558	k119_35558_1	2	1198	+	PF13450	NAD_binding_8	mer_mercuric_reductase	1.3e-10	42.6
river	SRR8870486	k119_50325	k119_50325_1	114	1787	+	PF13450	NAD_binding_8	mer_mercuric_reductase	1.5e-10	42.3
river	SRR8870486	k119_10482	k119_10482_1	1	912	+	PF13450	NAD_binding_8	mer_mercuric_reductase	1.8e-10	42.1
river	SRR8870486	k119_4348	k119_4348_1	1	1989	+	PF13450	NAD_binding_8	mer_mercuric_reductase	2.7e-10	41.6
river	SRR8870486	k119_54626	k119_54626_1	1	1095	-	PF13450	NAD_binding_8	mer_mercuric_reductase	2.8e-10	41.5
river	SRR8870486	k119_42159	k119_42159_3	2215	4275	+	PF13450	NAD_binding_8	mer_mercuric_reductase	5e-10	40.7
river	SRR8870486	k119_49888	k119_49888_2	775	2253	-	PF13450	NAD_binding_8	mer_mercuric_reductase	7e-10	40.2
river	SRR8870486	k119_12510	k119_12510_2	547	1839	+	PF13450	NAD_binding_8	mer_mercuric_reductase	7.1e-10	40.2
river	SRR8870486	k119_60444	k119_60444_1	334	1524	-	PF13450	NAD_binding_8	mer_mercuric_reductase	9.5e-10	39.8
river	SRR8870486	k119_55692	k119_55692_6	4021	5520	+	PF13450	NAD_binding_8	mer_mercuric_reductase	9.7e-10	39.8
river	SRR8870486	k119_47661	k119_47661_2	470	1861	+	PF13450	NAD_binding_8	mer_mercuric_reductase	1.4e-09	39.2
river	SRR8870486	k119_48745	k119_48745_1	1	1221	-	PF13450	NAD_binding_8	mer_mercuric_reductase	1.5e-09	39.2
river	SRR8870486	k119_26647	k119_26647_76	65236	66774	-	PF13450	NAD_binding_8	mer_mercuric_reductase	1.5e-09	39.1
river	SRR8870486	k119_72754	k119_72754_1	2	1207	-	PF13450	NAD_binding_8	mer_mercuric_reductase	2.7e-09	38.3
river	SRR8870486	k119_55707	k119_55707_2	564	2198	+	PF13450	NAD_binding_8	mer_mercuric_reductase	2.9e-09	38.2
river	SRR8870486	k119_28112	k119_28112_2	449	2368	-	PF13450	NAD_binding_8	mer_mercuric_reductase	3e-09	38.2
river	SRR8870486	k119_57195	k119_57195_36	40662	42152	+	PF13450	NAD_binding_8	mer_mercuric_reductase	4.8e-09	37.6
river	SRR8870486	k119_17825	k119_17825_2	238	1536	-	PF13450	NAD_binding_8	mer_mercuric_reductase	5.1e-09	37.5
river	SRR8870486	k119_6326	k119_6326_2	1158	2378	+	PF13450	NAD_binding_8	mer_mercuric_reductase	5.7e-09	37.3
river	SRR8870486	k119_34448	k119_34448_2	1465	2187	+	PF13450	NAD_binding_8	mer_mercuric_reductase	7.5e-09	36.9
river	SRR8870486	k119_28412	k119_28412_5	3068	4321	-	PF13450	NAD_binding_8	mer_mercuric_reductase	7.8e-09	36.9
river	SRR8870486	k119_40489	k119_40489_3	1399	2796	-	PF13450	NAD_binding_8	mer_mercuric_reductase	1e-08	36.5
river	SRR8870486	k119_28821	k119_28821_1	2	1732	+	PF13450	NAD_binding_8	mer_mercuric_reductase	1.3e-08	36.1
river	SRR8870486	k119_22246	k119_22246_2	1053	2864	-	PF13450	NAD_binding_8	mer_mercuric_reductase	1.5e-08	36.0
river	SRR8870486	k119_6220	k119_6220_1	1	1140	-	PF13450	NAD_binding_8	mer_mercuric_reductase	1.5e-08	35.9
river	SRR8870486	k119_38704	k119_38704_47	44715	46511	-	PF13450	NAD_binding_8	mer_mercuric_reductase	1.7e-08	35.8
river	SRR8870486	k119_62318	k119_62318_260	279069	280292	-	PF13450	NAD_binding_8	mer_mercuric_reductase	2.5e-08	35.3
river	SRR8870486	k119_17887	k119_17887_1	2	1489	-	PF13450	NAD_binding_8	mer_mercuric_reductase	3.2e-08	34.9
river	SRR8870486	k119_63895	k119_63895_2	703	1221	+	PF13450	NAD_binding_8	mer_mercuric_reductase	3.7e-08	34.7
river	SRR8870486	k119_28620	k119_28620_5	4430	5680	+	PF13450	NAD_binding_8	mer_mercuric_reductase	4e-08	34.6
river	SRR8870486	k119_28359	k119_28359_1	21	1421	-	PF13450	NAD_binding_8	mer_mercuric_reductase	4.7e-08	34.4
river	SRR8870486	k119_33052	k119_33052_2	465	2072	-	PF13450	NAD_binding_8	mer_mercuric_reductase	5.3e-08	34.2
river	SRR8870486	k119_22373	k119_22373_1	228	1715	+	PF13450	NAD_binding_8	mer_mercuric_reductase	5.7e-08	34.1
river	SRR8870486	k119_53759	k119_53759_84	87192	88604	-	PF13450	NAD_binding_8	mer_mercuric_reductase	5.9e-08	34.1
river	SRR8870486	k119_30068	k119_30068_2	344	1744	+	PF13450	NAD_binding_8	mer_mercuric_reductase	6.7e-08	33.9
river	SRR8870486	k119_29421	k119_29421_5	2304	3533	+	PF13450	NAD_binding_8	mer_mercuric_reductase	6.8e-08	33.9
river	SRR8870486	k119_37623	k119_37623_3	2447	3841	-	PF13450	NAD_binding_8	mer_mercuric_reductase	9.5e-08	33.4
river	SRR8870486	k119_44367	k119_44367_1	8	1396	-	PF13450	NAD_binding_8	mer_mercuric_reductase	1.1e-07	33.2
river	SRR8870486	k119_55759	k119_55759_1	1	1122	-	PF13450	NAD_binding_8	mer_mercuric_reductase	1.4e-07	32.9
river	SRR8870486	k119_42723	k119_42723_2	578	1633	+	PF13450	NAD_binding_8	mer_mercuric_reductase	1.6e-07	32.7
river	SRR8870486	k119_21785	k119_21785_2	1657	2466	+	PF13450	NAD_binding_8	mer_mercuric_reductase	1.9e-07	32.5
river	SRR8870486	k119_40632	k119_40632_2	483	1592	+	PF13450	NAD_binding_8	mer_mercuric_reductase	2.2e-07	32.2
river	SRR8870486	k119_40160	k119_40160_6	2984	4723	+	PF13450	NAD_binding_8	mer_mercuric_reductase	2.5e-07	32.1
river	SRR8870486	k119_1438	k119_1438_1	1	96	-	PF13450	NAD_binding_8	mer_mercuric_reductase	2.6e-07	32.0
river	SRR8870486	k119_50220	k119_50220_1	3	1304	-	PF13450	NAD_binding_8	mer_mercuric_reductase	2.8e-07	31.9
river	SRR8870486	k119_61786	k119_61786_2	1012	2430	-	PF13450	NAD_binding_8	mer_mercuric_reductase	2.8e-07	31.9
river	SRR8870486	k119_40033	k119_40033_1	3	710	-	PF13450	NAD_binding_8	mer_mercuric_reductase	2.9e-07	31.8
river	SRR8870486	k119_3039	k119_3039_1	1	492	-	PF13450	NAD_binding_8	mer_mercuric_reductase	3.3e-07	31.7
river	SRR8870486	k119_10465	k119_10465_4	922	2124	-	PF13450	NAD_binding_8	mer_mercuric_reductase	3.5e-07	31.6
river	SRR8870486	k119_18791	k119_18791_1	2	763	-	PF13450	NAD_binding_8	mer_mercuric_reductase	3.8e-07	31.5
river	SRR8870486	k119_21188	k119_21188_1	3	1478	-	PF13450	NAD_binding_8	mer_mercuric_reductase	3.9e-07	31.4
river	SRR8870486	k119_8878	k119_8878_2	678	1199	+	PF13450	NAD_binding_8	mer_mercuric_reductase	4.2e-07	31.3
river	SRR8870486	k119_62565	k119_62565_2	222	1874	+	PF13450	NAD_binding_8	mer_mercuric_reductase	4.7e-07	31.2
river	SRR8870486	k119_62318	k119_62318_184	193570	195201	-	PF13450	NAD_binding_8	mer_mercuric_reductase	5.2e-07	31.0
river	SRR8870486	k119_62770	k119_62770_1	3	242	-	PF13450	NAD_binding_8	mer_mercuric_reductase	5.5e-07	31.0
river	SRR8870486	k119_2605	k119_2605_4	3538	4740	+	PF13450	NAD_binding_8	mer_mercuric_reductase	5.7e-07	30.9
river	SRR8870486	k119_68801	k119_68801_5	3136	3969	+	PF13450	NAD_binding_8	mer_mercuric_reductase	6.2e-07	30.8
river	SRR8870486	k119_73495	k119_73495_1	78	1256	-	PF13450	NAD_binding_8	mer_mercuric_reductase	6.4e-07	30.8
river	SRR8870486	k119_13763	k119_13763_1	88	1329	-	PF13450	NAD_binding_8	mer_mercuric_reductase	6.8e-07	30.7
river	SRR8870486	k119_64783	k119_64783_1	1	183	-	PF13450	NAD_binding_8	mer_mercuric_reductase	6.9e-07	30.7
river	SRR8870486	k119_52402	k119_52402_2	900	1907	+	PF13450	NAD_binding_8	mer_mercuric_reductase	7.6e-07	30.5
river	SRR8870486	k119_33744	k119_33744_3	797	1606	+	PF13450	NAD_binding_8	mer_mercuric_reductase	7.8e-07	30.5
river	SRR8870486	k119_70323	k119_70323_2	1229	2137	+	PF13450	NAD_binding_8	mer_mercuric_reductase	7.9e-07	30.5
river	SRR8870486	k119_1229	k119_1229_3	1975	2235	+	PF13450	NAD_binding_8	mer_mercuric_reductase	8.4e-07	30.4
river	SRR8870486	k119_36916	k119_36916_2	1044	1301	+	PF13450	NAD_binding_8	mer_mercuric_reductase	8.5e-07	30.4
river	SRR8870486	k119_72466	k119_72466_1	3	1382	-	PF13450	NAD_binding_8	mer_mercuric_reductase	9e-07	30.3
river	SRR8870486	k119_5312	k119_5312_4	2658	3011	+	PF13450	NAD_binding_8	mer_mercuric_reductase	9.6e-07	30.2
river	SRR8870486	k119_2479	k119_2479_1	2	1195	-	PF13450	NAD_binding_8	mer_mercuric_reductase	9.7e-07	30.2
river	SRR8870486	k119_48162	k119_48162_1	1	87	-	PF13450	NAD_binding_8	mer_mercuric_reductase	1e-06	30.1
river	SRR8870486	k119_61398	k119_61398_2	984	1745	+	PF13450	NAD_binding_8	mer_mercuric_reductase	1.1e-06	30.0
river	SRR8870486	k119_70208	k119_70208_1	3	356	-	PF13450	NAD_binding_8	mer_mercuric_reductase	1.1e-06	30.0
river	SRR8870486	k119_5798	k119_5798_2	1506	2171	+	PF13450	NAD_binding_8	mer_mercuric_reductase	1.2e-06	29.9
river	SRR8870486	k119_9803	k119_9803_1	1	1020	-	PF13450	NAD_binding_8	mer_mercuric_reductase	1.2e-06	29.9
river	SRR8870486	k119_26647	k119_26647_92	81703	83076	-	PF13450	NAD_binding_8	mer_mercuric_reductase	1.4e-06	29.7
river	SRR8870486	k119_48427	k119_48427_3	1662	2339	+	PF13450	NAD_binding_8	mer_mercuric_reductase	1.5e-06	29.6
river	SRR8870486	k119_4817	k119_4817_2	1214	2704	+	PF13450	NAD_binding_8	mer_mercuric_reductase	1.5e-06	29.5
river	SRR8870486	k119_21300	k119_21300_2	261	2627	+	PF13450	NAD_binding_8	mer_mercuric_reductase	1.7e-06	29.4
river	SRR8870486	k119_28334	k119_28334_4	1905	2363	+	PF13450	NAD_binding_8	mer_mercuric_reductase	1.7e-06	29.4
river	SRR8870486	k119_24590	k119_24590_1	3	434	-	PF13450	NAD_binding_8	mer_mercuric_reductase	1.8e-06	29.4
river	SRR8870486	k119_52461	k119_52461_4	2135	2563	+	PF13450	NAD_binding_8	mer_mercuric_reductase	1.9e-06	29.2
river	SRR8870486	k119_51817	k119_51817_1	3	791	-	PF13450	NAD_binding_8	mer_mercuric_reductase	1.9e-06	29.2
river	SRR8870486	k119_54294	k119_54294_7	3612	4799	+	PF13450	NAD_binding_8	mer_mercuric_reductase	1.9e-06	29.2
river	SRR8870486	k119_52531	k119_52531_1	3	227	-	PF13450	NAD_binding_8	mer_mercuric_reductase	2.1e-06	29.1
river	SRR8870486	k119_20357	k119_20357_1	3	959	-	PF13450	NAD_binding_8	mer_mercuric_reductase	2.3e-06	29.0
river	SRR8870486	k119_68888	k119_68888_18	18397	19482	+	PF13450	NAD_binding_8	mer_mercuric_reductase	2.3e-06	29.0
river	SRR8870486	k119_14954	k119_14954_1	3	548	-	PF13450	NAD_binding_8	mer_mercuric_reductase	2.5e-06	28.9
river	SRR8870486	k119_69140	k119_69140_1	3	1118	+	PF13450	NAD_binding_8	mer_mercuric_reductase	2.7e-06	28.7
river	SRR8870486	k119_51817	k119_51817_3	1501	2064	+	PF13450	NAD_binding_8	mer_mercuric_reductase	2.9e-06	28.7
river	SRR8870486	k119_51029	k119_51029_1	1	1059	-	PF13450	NAD_binding_8	mer_mercuric_reductase	2.9e-06	28.6
river	SRR8870486	k119_28134	k119_28134_4	1183	2448	+	PF13450	NAD_binding_8	mer_mercuric_reductase	3e-06	28.6
river	SRR8870486	k119_59226	k119_59226_6	3736	5349	+	PF13450	NAD_binding_8	mer_mercuric_reductase	3e-06	28.6
river	SRR8870486	k119_42771	k119_42771_1	3	158	-	PF13450	NAD_binding_8	mer_mercuric_reductase	3.3e-06	28.5
river	SRR8870486	k119_59393	k119_59393_66	72011	73165	-	PF13450	NAD_binding_8	mer_mercuric_reductase	3.6e-06	28.4
river	SRR8870486	k119_55345	k119_55345_1	3	1310	+	PF13450	NAD_binding_8	mer_mercuric_reductase	3.7e-06	28.3
river	SRR8870486	k119_25015	k119_25015_1	44	991	+	PF13450	NAD_binding_8	mer_mercuric_reductase	4.4e-06	28.1
river	SRR8870486	k119_387	k119_387_3	1190	1594	+	PF13450	NAD_binding_8	mer_mercuric_reductase	4.5e-06	28.0
river	SRR8870486	k119_27281	k119_27281_1	227	1906	+	PF13450	NAD_binding_8	mer_mercuric_reductase	4.6e-06	28.0
river	SRR8870486	k119_21988	k119_21988_1	2	757	-	PF13450	NAD_binding_8	mer_mercuric_reductase	4.9e-06	27.9
river	SRR8870486	k119_71011	k119_71011_1	25	1812	-	PF13450	NAD_binding_8	mer_mercuric_reductase	5.4e-06	27.8
river	SRR8870486	k119_721	k119_721_1	2	643	-	PF13450	NAD_binding_8	mer_mercuric_reductase	6e-06	27.6
river	SRR8870486	k119_18959	k119_18959_4	2021	2977	-	PF13450	NAD_binding_8	mer_mercuric_reductase	8.2e-06	27.2
river	SRR8870486	k119_3923	k119_3923_1	1	1068	+	PF13450	NAD_binding_8	mer_mercuric_reductase	8.2e-06	27.2
river	SRR8870486	k119_40361	k119_40361_2	642	1943	+	PF13450	NAD_binding_8	mer_mercuric_reductase	8.6e-06	27.1
river	SRR8870486	k119_38599	k119_38599_3	2251	3474	-	PF13450	NAD_binding_8	mer_mercuric_reductase	9.1e-06	27.1
river	SRR8870486	k119_19789	k119_19789_1	1	1401	-	PF13450	NAD_binding_8	mer_mercuric_reductase	9.8e-06	27.0
river	SRR8870486	k119_56705	k119_56705_2	359	1792	-	PF13450	NAD_binding_8	mer_mercuric_reductase	1.2e-05	26.7
river	SRR8870486	k119_33424	k119_33424_2	639	1847	-	PF13450	NAD_binding_8	mer_mercuric_reductase	1.3e-05	26.6
river	SRR8870486	k119_58172	k119_58172_3	1618	3051	-	PF13450	NAD_binding_8	mer_mercuric_reductase	1.3e-05	26.6
river	SRR8870486	k119_31932	k119_31932_3	1867	2856	+	PF13450	NAD_binding_8	mer_mercuric_reductase	1.4e-05	26.5
river	SRR8870486	k119_40074	k119_40074_1	164	1783	+	PF13450	NAD_binding_8	mer_mercuric_reductase	1.5e-05	26.4
river	SRR8870486	k119_33333	k119_33333_2	290	1726	+	PF13450	NAD_binding_8	mer_mercuric_reductase	1.7e-05	26.2
river	SRR8870486	k119_16870	k119_16870_1	2	121	-	PF13450	NAD_binding_8	mer_mercuric_reductase	1.9e-05	26.1
river	SRR8870486	k119_41938	k119_41938_1	136	1758	-	PF13450	NAD_binding_8	mer_mercuric_reductase	1.9e-05	26.0
river	SRR8870486	k119_71022	k119_71022_2	890	1417	+	PF13450	NAD_binding_8	mer_mercuric_reductase	2e-05	26.0
river	SRR8870486	k119_9286	k119_9286_1	2	1378	+	PF13450	NAD_binding_8	mer_mercuric_reductase	2.2e-05	25.8
river	SRR8870486	k119_12238	k119_12238_3	874	1224	+	PF13450	NAD_binding_8	mer_mercuric_reductase	2.2e-05	25.8
river	SRR8870486	k119_24502	k119_24502_2	436	1158	+	PF13450	NAD_binding_8	mer_mercuric_reductase	2.5e-05	25.6
river	SRR8870486	k119_41647	k119_41647_2	454	1026	+	PF13450	NAD_binding_8	mer_mercuric_reductase	2.8e-05	25.5
river	SRR8870486	k119_30807	k119_30807_1	217	1935	-	PF13450	NAD_binding_8	mer_mercuric_reductase	3e-05	25.4
river	SRR8870486	k119_53759	k119_53759_56	56932	58269	-	PF13450	NAD_binding_8	mer_mercuric_reductase	3.2e-05	25.3
river	SRR8870486	k119_31131	k119_31131_1	1	1230	-	PF13450	NAD_binding_8	mer_mercuric_reductase	3.3e-05	25.3
river	SRR8870486	k119_66132	k119_66132_2	69	1376	-	PF13450	NAD_binding_8	mer_mercuric_reductase	3.3e-05	25.3
river	SRR8870486	k119_22585	k119_22585_5	4948	7401	-	PF13450	NAD_binding_8	mer_mercuric_reductase	3.3e-05	25.3
river	SRR8870486	k119_51430	k119_51430_1	3	887	-	PF13450	NAD_binding_8	mer_mercuric_reductase	3.4e-05	25.2
river	SRR8870486	k119_62318	k119_62318_257	276621	278021	+	PF13450	NAD_binding_8	mer_mercuric_reductase	3.7e-05	25.1
river	SRR8870486	k119_48650	k119_48650_2	1060	1158	+	PF13450	NAD_binding_8	mer_mercuric_reductase	3.8e-05	25.1
river	SRR8870486	k119_51316	k119_51316_21	19301	20383	-	PF13450	NAD_binding_8	mer_mercuric_reductase	3.9e-05	25.0
river	SRR8870486	k119_14982	k119_14982_3	1240	2454	-	PF13450	NAD_binding_8	mer_mercuric_reductase	4.4e-05	24.9
river	SRR8870486	k119_36738	k119_36738_1	240	1286	+	PF13450	NAD_binding_8	mer_mercuric_reductase	5.9e-05	24.5
river	SRR8870486	k119_47766	k119_47766_1	3	941	-	PF13450	NAD_binding_8	mer_mercuric_reductase	6.4e-05	24.3
river	SRR8870486	k119_32347	k119_32347_1	197	1774	+	PF13450	NAD_binding_8	mer_mercuric_reductase	6.7e-05	24.3
river	SRR8870486	k119_62318	k119_62318_95	102659	103978	+	PF13450	NAD_binding_8	mer_mercuric_reductase	6.8e-05	24.3
river	SRR8870486	k119_24672	k119_24672_1	315	1295	-	PF13450	NAD_binding_8	mer_mercuric_reductase	8.7e-05	23.9
river	SRR8870486	k119_57751	k119_57751_2	391	1056	+	PF13450	NAD_binding_8	mer_mercuric_reductase	8.9e-05	23.9
river	SRR8870486	k119_37502	k119_37502_2	542	1645	-	PF13450	NAD_binding_8	mer_mercuric_reductase	9.4e-05	23.8
river	SRR8870486	k119_30927	k119_30927_2	1183	2610	+	PF13450	NAD_binding_8	mer_mercuric_reductase	0.00011	23.6
river	SRR8870486	k119_26208	k119_26208_2	583	2061	-	PF13450	NAD_binding_8	mer_mercuric_reductase	0.00011	23.6
river	SRR8870486	k119_22367	k119_22367_1	1	444	-	PF13450	NAD_binding_8	mer_mercuric_reductase	0.00011	23.6
river	SRR8870486	k119_27062	k119_27062_1	1	396	-	PF13450	NAD_binding_8	mer_mercuric_reductase	0.00012	23.5
river	SRR8870486	k119_43552	k119_43552_2	809	1981	-	PF13450	NAD_binding_8	mer_mercuric_reductase	0.00012	23.4
river	SRR8870486	k119_15847	k119_15847_2	847	2433	+	PF13450	NAD_binding_8	mer_mercuric_reductase	0.00013	23.4
river	SRR8870486	k119_26647	k119_26647_38	26386	27960	+	PF13450	NAD_binding_8	mer_mercuric_reductase	0.00013	23.4
river	SRR8870486	k119_52449	k119_52449_1	1	2028	-	PF13450	NAD_binding_8	mer_mercuric_reductase	0.00013	23.4
river	SRR8870486	k119_68468	k119_68468_10	10517	11473	+	PF13450	NAD_binding_8	mer_mercuric_reductase	0.00014	23.3
river	SRR8870486	k119_24262	k119_24262_8	6958	8259	+	PF13450	NAD_binding_8	mer_mercuric_reductase	0.00015	23.2
river	SRR8870486	k119_70156	k119_70156_2	481	1203	+	PF13450	NAD_binding_8	mer_mercuric_reductase	0.00017	23.0
river	SRR8870486	k119_67989	k119_67989_1	2	322	-	PF13450	NAD_binding_8	mer_mercuric_reductase	0.00017	23.0
river	SRR8870486	k119_8132	k119_8132_6	5667	6518	+	PF13450	NAD_binding_8	mer_mercuric_reductase	0.00017	22.9
river	SRR8870486	k119_48611	k119_48611_2	217	1179	+	PF13450	NAD_binding_8	mer_mercuric_reductase	0.00018	22.9
river	SRR8870486	k119_59525	k119_59525_3	1454	2632	-	PF13450	NAD_binding_8	mer_mercuric_reductase	0.00018	22.9
river	SRR8870486	k119_43088	k119_43088_3	1040	2359	+	PF13450	NAD_binding_8	mer_mercuric_reductase	0.00019	22.8
river	SRR8870486	k119_2666	k119_2666_1	3	1040	-	PF13450	NAD_binding_8	mer_mercuric_reductase	0.0002	22.8
river	SRR8870486	k119_74457	k119_74457_1	2	1012	+	PF13450	NAD_binding_8	mer_mercuric_reductase	0.00021	22.7
river	SRR8870486	k119_43531	k119_43531_4	3418	4566	+	PF13450	NAD_binding_8	mer_mercuric_reductase	0.00022	22.7
river	SRR8870486	k119_21414	k119_21414_5	3410	4786	+	PF13450	NAD_binding_8	mer_mercuric_reductase	0.00022	22.7
river	SRR8870486	k119_34015	k119_34015_6	7659	8951	-	PF13450	NAD_binding_8	mer_mercuric_reductase	0.00028	22.3
river	SRR8870486	k119_57616	k119_57616_1	3	293	-	PF13450	NAD_binding_8	mer_mercuric_reductase	0.00036	22.0
river	SRR8870486	k119_63794	k119_63794_1	3	1061	+	PF13450	NAD_binding_8	mer_mercuric_reductase	0.00036	21.9
river	SRR8870486	k119_7344	k119_7344_1	2	292	-	PF13450	NAD_binding_8	mer_mercuric_reductase	0.00036	21.9
river	SRR8870486	k119_66867	k119_66867_3	1394	2686	+	PF13450	NAD_binding_8	mer_mercuric_reductase	0.00037	21.9
river	SRR8870486	k119_14460	k119_14460_1	1	1059	-	PF13450	NAD_binding_8	mer_mercuric_reductase	0.00039	21.8
river	SRR8870486	k119_14275	k119_14275_3	1654	2625	-	PF13450	NAD_binding_8	mer_mercuric_reductase	0.0004	21.8
river	SRR8870486	k119_59261	k119_59261_2	649	2055	+	PF13450	NAD_binding_8	mer_mercuric_reductase	0.00043	21.7
river	SRR8870486	k119_37796	k119_37796_6	6843	8492	+	PF13450	NAD_binding_8	mer_mercuric_reductase	0.00044	21.7
river	SRR8870486	k119_40481	k119_40481_2	987	2213	+	PF13450	NAD_binding_8	mer_mercuric_reductase	0.00046	21.6
river	SRR8870486	k119_54304	k119_54304_1	2	658	-	PF13450	NAD_binding_8	mer_mercuric_reductase	0.0005	21.5
river	SRR8870486	k119_4241	k119_4241_1	3	2045	+	PF13450	NAD_binding_8	mer_mercuric_reductase	0.00063	21.2
river	SRR8870486	k119_21621	k119_21621_2	684	1376	+	PF13450	NAD_binding_8	mer_mercuric_reductase	0.00064	21.1
river	SRR8870486	k119_3371	k119_3371_1	2	247	-	PF13450	NAD_binding_8	mer_mercuric_reductase	0.0007	21.0
river	SRR8870486	k119_51043	k119_51043_1	1	939	-	PF13450	NAD_binding_8	mer_mercuric_reductase	0.00073	21.0
river	SRR8870486	k119_18394	k119_18394_1	2	1183	+	PF13450	NAD_binding_8	mer_mercuric_reductase	0.00077	20.9
river	SRR8870486	k119_43691	k119_43691_1	1	777	-	PF13450	NAD_binding_8	mer_mercuric_reductase	0.00087	20.7
river	SRR8870486	k119_11230	k119_11230_1	3	527	-	PF13450	NAD_binding_8	mer_mercuric_reductase	0.00089	20.7
river	SRR8870486	k119_54641	k119_54641_1	1	903	-	PF13450	NAD_binding_8	mer_mercuric_reductase	0.00095	20.6
river	SRR8870486	k119_50651	k119_50651_1	1	1077	-	PF13450	NAD_binding_8	mer_mercuric_reductase	0.00097	20.6
river	SRR8870486	k119_59587	k119_59587_1	9	1418	-	PF13450	NAD_binding_8	mer_mercuric_reductase	0.00098	20.6
river	SRR8870486	k119_56287	k119_56287_5	2705	3931	+	PF13450	NAD_binding_8	mer_mercuric_reductase	0.00099	20.5
river	SRR8870486	k119_7488	k119_7488_1	1	1092	+	PF13450	NAD_binding_8	mer_mercuric_reductase	0.001	20.5
river	SRR8870486	k119_39230	k119_39230_1	95	1123	+	PF13450	NAD_binding_8	mer_mercuric_reductase	0.0011	20.4
river	SRR8870486	k119_52374	k119_52374_3	2148	3089	+	PF13450	NAD_binding_8	mer_mercuric_reductase	0.0011	20.4
river	SRR8870486	k119_73036	k119_73036_1	1	1266	-	PF13450	NAD_binding_8	mer_mercuric_reductase	0.0014	20.1
river	SRR8870486	k119_59393	k119_59393_67	73162	74769	-	PF13450	NAD_binding_8	mer_mercuric_reductase	0.0014	20.1
river	SRR8870486	k119_31890	k119_31890_2	882	1112	+	PF13450	NAD_binding_8	mer_mercuric_reductase	0.0017	19.8
river	SRR8870486	k119_60085	k119_60085_2	554	2239	-	PF13450	NAD_binding_8	mer_mercuric_reductase	0.0017	19.8
river	SRR8870486	k119_52075	k119_52075_1	1	1050	+	PF13450	NAD_binding_8	mer_mercuric_reductase	0.0017	19.8
river	SRR8870486	k119_26723	k119_26723_1	37	1059	+	PF13450	NAD_binding_8	mer_mercuric_reductase	0.0018	19.7
river	SRR8870486	k119_39841	k119_39841_3	1925	2104	+	PF13450	NAD_binding_8	mer_mercuric_reductase	0.0018	19.7
river	SRR8870486	k119_51282	k119_51282_1	3	1064	+	PF13450	NAD_binding_8	mer_mercuric_reductase	0.0019	19.6
river	SRR8870486	k119_61805	k119_61805_3	814	1806	-	PF13450	NAD_binding_8	mer_mercuric_reductase	0.002	19.6
river	SRR8870486	k119_57724	k119_57724_1	58	1263	+	PF13450	NAD_binding_8	mer_mercuric_reductase	0.002	19.6
river	SRR8870486	k119_13985	k119_13985_1	32	1306	+	PF13450	NAD_binding_8	mer_mercuric_reductase	0.0021	19.5
river	SRR8870486	k119_19793	k119_19793_2	551	1387	+	PF13450	NAD_binding_8	mer_mercuric_reductase	0.0024	19.3
river	SRR8870486	k119_32461	k119_32461_1	372	1580	+	PF13450	NAD_binding_8	mer_mercuric_reductase	0.0024	19.3
river	SRR8870486	k119_67361	k119_67361_2	311	1546	+	PF13450	NAD_binding_8	mer_mercuric_reductase	0.0024	19.3
river	SRR8870486	k119_35643	k119_35643_1	1	978	+	PF13450	NAD_binding_8	mer_mercuric_reductase	0.0025	19.2
river	SRR8870486	k119_38818	k119_38818_1	3	1364	+	PF13450	NAD_binding_8	mer_mercuric_reductase	0.0029	19.1
river	SRR8870486	k119_26647	k119_26647_55	44207	45643	+	PF13450	NAD_binding_8	mer_mercuric_reductase	0.0029	19.1
river	SRR8870486	k119_56639	k119_56639_3	1054	1629	+	PF13450	NAD_binding_8	mer_mercuric_reductase	0.0034	18.8
river	SRR8870486	k119_24262	k119_24262_18	14814	16436	-	PF13450	NAD_binding_8	mer_mercuric_reductase	0.0037	18.7
river	SRR8870486	k119_8974	k119_8974_3	711	1448	+	PF13450	NAD_binding_8	mer_mercuric_reductase	0.004	18.6
river	SRR8870486	k119_320	k119_320_2	520	1371	+	PF13450	NAD_binding_8	mer_mercuric_reductase	0.004	18.6
river	SRR8870486	k119_21061	k119_21061_1	3	1574	-	PF13450	NAD_binding_8	mer_mercuric_reductase	0.0043	18.5
river	SRR8870486	k119_58887	k119_58887_2	224	1189	+	PF13450	NAD_binding_8	mer_mercuric_reductase	0.0045	18.4
river	SRR8870486	k119_14405	k119_14405_1	1	735	-	PF13450	NAD_binding_8	mer_mercuric_reductase	0.0046	18.4
river	SRR8870486	k119_11849	k119_11849_1	240	1241	+	PF13450	NAD_binding_8	mer_mercuric_reductase	0.0049	18.3
river	SRR8870486	k119_31214	k119_31214_2	233	1051	+	PF13450	NAD_binding_8	mer_mercuric_reductase	0.0052	18.2
river	SRR8870486	k119_19997	k119_19997_2	697	1686	+	PF13450	NAD_binding_8	mer_mercuric_reductase	0.0058	18.1
river	SRR8870486	k119_21952	k119_21952_1	3	1568	-	PF13450	NAD_binding_8	mer_mercuric_reductase	0.0063	18.0
river	SRR8870486	k119_5437	k119_5437_2	445	651	+	PF13450	NAD_binding_8	mer_mercuric_reductase	0.0065	17.9
river	SRR8870486	k119_11373	k119_11373_2	283	1419	+	PF13450	NAD_binding_8	mer_mercuric_reductase	0.0066	17.9
river	SRR8870486	k119_70522	k119_70522_3	1149	2489	+	PF13450	NAD_binding_8	mer_mercuric_reductase	0.0067	17.9
river	SRR8870486	k119_53670	k119_53670_2	192	1124	-	PF13450	NAD_binding_8	mer_mercuric_reductase	0.0074	17.7
river	SRR8870486	k119_24591	k119_24591_2	636	1106	+	PF13450	NAD_binding_8	mer_mercuric_reductase	0.0075	17.7
river	SRR8870486	k119_8505	k119_8505_1	1	1845	+	PF13450	NAD_binding_8	mer_mercuric_reductase	0.0078	17.7
river	SRR8870486	k119_38296	k119_38296_20	20731	21945	-	PF13450	NAD_binding_8	mer_mercuric_reductase	0.0086	17.5
river	SRR8870486	k119_21508	k119_21508_1	1	1116	+	PF13450	NAD_binding_8	mer_mercuric_reductase	0.009	17.5
river	SRR8870486	k119_14248	k119_14248_1	3	305	-	PF13450	NAD_binding_8	mer_mercuric_reductase	0.0095	17.4
river	SRR8870486	k119_7778	k119_7778_5	3071	4291	+	PF13450	NAD_binding_8	mer_mercuric_reductase	0.0095	17.4
river	SRR8870486	k119_66516	k119_66516_2	1175	2446	+	PF13450	NAD_binding_8	mer_mercuric_reductase	0.0097	17.4
river	SRR8870486	k119_72768	k119_72768_1	149	1498	-	PF13450	NAD_binding_8	mer_mercuric_reductase	0.01	17.3
river	SRR8870486	k119_32370	k119_32370_2	339	1118	+	PF13450	NAD_binding_8	mer_mercuric_reductase	0.011	17.2
river	SRR8870486	k119_41410	k119_41410_4	1814	3412	+	PF13450	NAD_binding_8	mer_mercuric_reductase	0.012	17.1
river	SRR8870486	k119_8601	k119_8601_1	168	1460	-	PF13450	NAD_binding_8	mer_mercuric_reductase	0.013	17.0
river	SRR8870486	k119_60761	k119_60761_2	1063	1554	+	PF13450	NAD_binding_8	mer_mercuric_reductase	0.013	16.9
river	SRR8870486	k119_14858	k119_14858_9	8537	9886	+	PF13450	NAD_binding_8	mer_mercuric_reductase	0.014	16.8
river	SRR8870486	k119_55052	k119_55052_1	214	1395	+	PF13450	NAD_binding_8	mer_mercuric_reductase	0.015	16.8
river	SRR8870486	k119_20446	k119_20446_1	277	1422	+	PF13450	NAD_binding_8	mer_mercuric_reductase	0.017	16.6
river	SRR8870486	k119_21862	k119_21862_4	2849	4126	-	PF13450	NAD_binding_8	mer_mercuric_reductase	0.017	16.6
river	SRR8870486	k119_23490	k119_23490_1	3	812	-	PF13450	NAD_binding_8	mer_mercuric_reductase	0.018	16.5
river	SRR8870486	k119_42778	k119_42778_1	2	232	-	PF13450	NAD_binding_8	mer_mercuric_reductase	0.019	16.4
river	SRR8870486	k119_44823	k119_44823_2	216	1244	-	PF13450	NAD_binding_8	mer_mercuric_reductase	0.02	16.3
river	SRR8870486	k119_44466	k119_44466_2	235	2085	-	PF13450	NAD_binding_8	mer_mercuric_reductase	0.021	16.3
river	SRR8870486	k119_35868	k119_35868_1	3	152	-	PF13450	NAD_binding_8	mer_mercuric_reductase	0.022	16.2
river	SRR8870486	k119_24345	k119_24345_1	2	1423	-	PF13450	NAD_binding_8	mer_mercuric_reductase	0.022	16.2
river	SRR8870486	k119_41534	k119_41534_2	281	1654	+	PF13450	NAD_binding_8	mer_mercuric_reductase	0.022	16.2
river	SRR8870486	k119_65911	k119_65911_2	492	1706	-	PF13450	NAD_binding_8	mer_mercuric_reductase	0.024	16.1
river	SRR8870486	k119_51815	k119_51815_1	3	494	-	PF13450	NAD_binding_8	mer_mercuric_reductase	0.026	16.0
river	SRR8870486	k119_24006	k119_24006_1	60	1643	-	PF13450	NAD_binding_8	mer_mercuric_reductase	0.026	16.0
river	SRR8870486	k119_40975	k119_40975_1	1	468	-	PF13450	NAD_binding_8	mer_mercuric_reductase	0.027	16.0
river	SRR8870486	k119_46328	k119_46328_1	192	524	+	PF13450	NAD_binding_8	mer_mercuric_reductase	0.027	15.9
river	SRR8870486	k119_50945	k119_50945_1	3	1328	-	PF13450	NAD_binding_8	mer_mercuric_reductase	0.028	15.9
river	SRR8870486	k119_44290	k119_44290_1	45	1208	-	PF13450	NAD_binding_8	mer_mercuric_reductase	0.028	15.9
river	SRR8870486	k119_62355	k119_62355_2	551	1882	-	PF13450	NAD_binding_8	mer_mercuric_reductase	0.028	15.9
river	SRR8870486	k119_40844	k119_40844_1	2	100	-	PF13450	NAD_binding_8	mer_mercuric_reductase	0.03	15.8
river	SRR8870486	k119_14418	k119_14418_1	3	1028	-	PF13450	NAD_binding_8	mer_mercuric_reductase	0.03	15.8
river	SRR8870486	k119_40341	k119_40341_2	539	1174	+	PF13450	NAD_binding_8	mer_mercuric_reductase	0.031	15.7
river	SRR8870486	k119_64414	k119_64414_1	2	1363	-	PF13450	NAD_binding_8	mer_mercuric_reductase	0.032	15.7
river	SRR8870486	k119_19313	k119_19313_1	3	1490	-	PF13450	NAD_binding_8	mer_mercuric_reductase	0.034	15.6
river	SRR8870486	k119_5538	k119_5538_1	68	1180	+	PF13450	NAD_binding_8	mer_mercuric_reductase	0.036	15.5
river	SRR8870486	k119_23183	k119_23183_1	2	565	-	PF13450	NAD_binding_8	mer_mercuric_reductase	0.037	15.5
river	SRR8870486	k119_22953	k119_22953_2	1098	2474	+	PF13450	NAD_binding_8	mer_mercuric_reductase	0.037	15.5
river	SRR8870486	k119_19725	k119_19725_1	32	1273	+	PF13450	NAD_binding_8	mer_mercuric_reductase	0.038	15.5
river	SRR8870486	k119_15409	k119_15409_3	1871	2038	+	PF13450	NAD_binding_8	mer_mercuric_reductase	0.038	15.5
river	SRR8870486	k119_41312	k119_41312_2	362	2794	-	PF13450	NAD_binding_8	mer_mercuric_reductase	0.039	15.4
river	SRR8870486	k119_43350	k119_43350_1	3	794	+	PF13450	NAD_binding_8	mer_mercuric_reductase	0.048	15.1
river	SRR8870486	k119_38704	k119_38704_33	30499	31956	+	PF13450	NAD_binding_8	mer_mercuric_reductase	0.049	15.1
river	SRR8870486	k119_59393	k119_59393_64	70006	71121	-	PF13450	NAD_binding_8	mer_mercuric_reductase	0.049	15.1
river	SRR8870488	k119_45736	k119_45736_1	78	428	+	PF03960	ArsC	ars_arsenate_reductase	4.3e-23	81.7
river	SRR8870488	k119_5945	k119_5945_12	8632	8982	+	PF03960	ArsC	ars_arsenate_reductase	1.4e-22	80.1
river	SRR8870488	k119_51158	k119_51158_5	3817	4230	+	PF03960	ArsC	ars_arsenate_reductase	1.8e-22	79.8
river	SRR8870488	k119_12200	k119_12200_10	8885	9310	+	PF03960	ArsC	ars_arsenate_reductase	2.8e-22	79.1
river	SRR8870488	k119_34804	k119_34804_12	8909	9259	-	PF03960	ArsC	ars_arsenate_reductase	5.4e-21	75.0
river	SRR8870488	k119_59997	k119_59997_17	14707	15057	-	PF03960	ArsC	ars_arsenate_reductase	8.2e-21	74.4
river	SRR8870488	k119_49842	k119_49842_5	2839	3183	-	PF03960	ArsC	ars_arsenate_reductase	1.8e-20	73.3
river	SRR8870488	k119_34501	k119_34501_1	1	360	+	PF03960	ArsC	ars_arsenate_reductase	2.8e-20	72.7
river	SRR8870488	k119_57572	k119_57572_3	1016	1366	-	PF03960	ArsC	ars_arsenate_reductase	5.1e-19	68.7
river	SRR8870488	k119_28495	k119_28495_1	47	403	-	PF03960	ArsC	ars_arsenate_reductase	2.5e-18	66.5
river	SRR8870488	k119_39476	k119_39476_2	455	829	-	PF03960	ArsC	ars_arsenate_reductase	4.7e-17	62.4
river	SRR8870488	k119_35865	k119_35865_4	2801	3169	+	PF03960	ArsC	ars_arsenate_reductase	1.4e-16	60.8
river	SRR8870488	k119_53058	k119_53058_3	2204	2566	-	PF03960	ArsC	ars_arsenate_reductase	7e-16	58.6
river	SRR8870488	k119_23913	k119_23913_1	85	1029	+	PF01545	Cation_efflux	czc_cation_efflux	3.1e-48	164.5
river	SRR8870488	k119_14841	k119_14841_2	155	1099	-	PF01545	Cation_efflux	czc_cation_efflux	1.5e-46	159.0
river	SRR8870488	k119_8762	k119_8762_7	3721	4818	-	PF01545	Cation_efflux	czc_cation_efflux	7.8e-43	146.9
river	SRR8870488	k119_36158	k119_36158_1	1390	3045	-	PF01545	Cation_efflux	czc_cation_efflux	3e-42	145.0
river	SRR8870488	k119_38632	k119_38632_2	211	1161	+	PF01545	Cation_efflux	czc_cation_efflux	2.6e-41	141.9
river	SRR8870488	k119_19284	k119_19284_6	6734	7903	+	PF01545	Cation_efflux	czc_cation_efflux	4.4e-41	141.1
river	SRR8870488	k119_33169	k119_33169_3	4479	5420	-	PF01545	Cation_efflux	czc_cation_efflux	2.4e-39	135.5
river	SRR8870488	k119_11083	k119_11083_2	486	1400	+	PF01545	Cation_efflux	czc_cation_efflux	1e-38	133.4
river	SRR8870488	k119_15284	k119_15284_2	809	1504	-	PF01545	Cation_efflux	czc_cation_efflux	1.2e-38	133.2
river	SRR8870488	k119_37997	k119_37997_6	4915	5826	-	PF01545	Cation_efflux	czc_cation_efflux	3.5e-38	131.7
river	SRR8870488	k119_37746	k119_37746_2	310	987	-	PF01545	Cation_efflux	czc_cation_efflux	5.7e-38	131.0
river	SRR8870488	k119_17502	k119_17502_58	66073	67023	+	PF01545	Cation_efflux	czc_cation_efflux	3.9e-36	125.0
river	SRR8870488	k119_7720	k119_7720_3	1079	2008	-	PF01545	Cation_efflux	czc_cation_efflux	8e-33	114.2
river	SRR8870488	k119_60616	k119_60616_5	5570	6424	+	PF01545	Cation_efflux	czc_cation_efflux	2.7e-28	99.4
river	SRR8870488	k119_19228	k119_19228_2	354	1034	+	PF01545	Cation_efflux	czc_cation_efflux	1.5e-16	61.1
river	SRR8870488	k119_3764	k119_3764_5	2846	3805	+	PF01545	Cation_efflux	czc_cation_efflux	7.7e-15	55.5
river	SRR8870488	k119_9927	k119_9927_3	952	1371	+	PF01545	Cation_efflux	czc_cation_efflux	5.9e-08	33.0
river	SRR8870488	k119_42225	k119_42225_4	5232	5378	+	PF01545	Cation_efflux	czc_cation_efflux	0.00047	20.3
river	SRR8870488	k119_60600	k119_60600_1	1	1074	-	PF00394	Cu-oxidase	pco_cop_multicopper_oxidase	8.4e-25	88.0
river	SRR8870488	k119_54466	k119_54466_1	1	1356	-	PF00394	Cu-oxidase	pco_cop_multicopper_oxidase	2.2e-24	86.6
river	SRR8870488	k119_25167	k119_25167_3	926	2812	+	PF00394	Cu-oxidase	pco_cop_multicopper_oxidase	7e-24	85.0
river	SRR8870488	k119_33686	k119_33686_2	758	2026	-	PF00394	Cu-oxidase	pco_cop_multicopper_oxidase	0.0002	21.8
river	SRR8870488	k119_7145	k119_7145_2	437	1231	+	PF13450	NAD_binding_8	mer_mercuric_reductase	7.9e-19	68.0
river	SRR8870488	k119_39029	k119_39029_2	874	2067	+	PF13450	NAD_binding_8	mer_mercuric_reductase	1e-18	67.6
river	SRR8870488	k119_43341	k119_43341_2	892	1431	+	PF13450	NAD_binding_8	mer_mercuric_reductase	2.9e-15	56.6
river	SRR8870488	k119_5349	k119_5349_13	12519	13133	+	PF13450	NAD_binding_8	mer_mercuric_reductase	4.8e-15	55.9
river	SRR8870488	k119_21091	k119_21091_3	1461	2036	+	PF13450	NAD_binding_8	mer_mercuric_reductase	8.8e-15	55.1
river	SRR8870488	k119_6176	k119_6176_1	2	1063	-	PF13450	NAD_binding_8	mer_mercuric_reductase	1.4e-14	54.4
river	SRR8870488	k119_5108	k119_5108_7	3795	5039	+	PF13450	NAD_binding_8	mer_mercuric_reductase	2.9e-14	53.4
river	SRR8870488	k119_42023	k119_42023_2	272	1414	-	PF13450	NAD_binding_8	mer_mercuric_reductase	8.2e-14	51.9
river	SRR8870488	k119_35672	k119_35672_13	11862	13121	-	PF13450	NAD_binding_8	mer_mercuric_reductase	1.7e-13	51.0
river	SRR8870488	k119_31135	k119_31135_2	1104	1346	+	PF13450	NAD_binding_8	mer_mercuric_reductase	3.4e-12	46.7
river	SRR8870488	k119_2615	k119_2615_1	2	142	-	PF13450	NAD_binding_8	mer_mercuric_reductase	4.9e-12	46.2
river	SRR8870488	k119_12249	k119_12249_1	2	838	-	PF13450	NAD_binding_8	mer_mercuric_reductase	6.3e-12	45.9
river	SRR8870488	k119_49447	k119_49447_11	11505	12365	+	PF13450	NAD_binding_8	mer_mercuric_reductase	9.1e-12	45.4
river	SRR8870488	k119_44433	k119_44433_2	341	1792	-	PF13450	NAD_binding_8	mer_mercuric_reductase	1e-11	45.3
river	SRR8870488	k119_4200	k119_4200_1	2	1069	-	PF13450	NAD_binding_8	mer_mercuric_reductase	1.2e-11	45.0
river	SRR8870488	k119_34767	k119_34767_2	1801	2793	+	PF13450	NAD_binding_8	mer_mercuric_reductase	3.8e-11	43.4
river	SRR8870488	k119_53253	k119_53253_2	1743	3170	+	PF13450	NAD_binding_8	mer_mercuric_reductase	9.6e-11	42.1
river	SRR8870488	k119_52130	k119_52130_5	6980	8449	+	PF13450	NAD_binding_8	mer_mercuric_reductase	1.2e-10	41.8
river	SRR8870488	k119_24439	k119_24439_1	3	233	-	PF13450	NAD_binding_8	mer_mercuric_reductase	3.9e-10	40.1
river	SRR8870488	k119_56069	k119_56069_1	1	1599	-	PF13450	NAD_binding_8	mer_mercuric_reductase	4.4e-10	40.0
river	SRR8870488	k119_41394	k119_41394_1	2	451	-	PF13450	NAD_binding_8	mer_mercuric_reductase	4.1e-09	36.9
river	SRR8870488	k119_26390	k119_26390_4	2702	3967	-	PF13450	NAD_binding_8	mer_mercuric_reductase	4.7e-09	36.7
river	SRR8870488	k119_43288	k119_43288_1	2	898	-	PF13450	NAD_binding_8	mer_mercuric_reductase	7e-09	36.1
river	SRR8870488	k119_49967	k119_49967_1	2	652	-	PF13450	NAD_binding_8	mer_mercuric_reductase	1.1e-08	35.5
river	SRR8870488	k119_41102	k119_41102_1	3	269	-	PF13450	NAD_binding_8	mer_mercuric_reductase	1.5e-08	35.1
river	SRR8870488	k119_30358	k119_30358_2	900	1181	+	PF13450	NAD_binding_8	mer_mercuric_reductase	1.6e-08	35.0
river	SRR8870488	k119_35743	k119_35743_2	1375	1605	+	PF13450	NAD_binding_8	mer_mercuric_reductase	5.1e-08	33.4
river	SRR8870488	k119_4179	k119_4179_3	2050	3303	-	PF13450	NAD_binding_8	mer_mercuric_reductase	8.9e-08	32.6
river	SRR8870488	k119_45978	k119_45978_1	1	546	-	PF13450	NAD_binding_8	mer_mercuric_reductase	8.9e-08	32.6
river	SRR8870488	k119_41249	k119_41249_1	1	378	-	PF13450	NAD_binding_8	mer_mercuric_reductase	1.5e-07	31.9
river	SRR8870488	k119_35528	k119_35528_1	3	743	-	PF13450	NAD_binding_8	mer_mercuric_reductase	1.8e-07	31.6
river	SRR8870488	k119_23433	k119_23433_1	2	196	-	PF13450	NAD_binding_8	mer_mercuric_reductase	2e-07	31.5
river	SRR8870488	k119_21599	k119_21599_3	1480	2001	+	PF13450	NAD_binding_8	mer_mercuric_reductase	2.2e-07	31.3
river	SRR8870488	k119_16458	k119_16458_21	21207	22622	-	PF13450	NAD_binding_8	mer_mercuric_reductase	2.4e-07	31.2
river	SRR8870488	k119_1996	k119_1996_12	11676	13319	-	PF13450	NAD_binding_8	mer_mercuric_reductase	2.6e-07	31.1
river	SRR8870488	k119_32151	k119_32151_1	19	1023	+	PF13450	NAD_binding_8	mer_mercuric_reductase	2.8e-07	31.0
river	SRR8870488	k119_28313	k119_28313_2	567	1904	-	PF13450	NAD_binding_8	mer_mercuric_reductase	2.8e-07	31.0
river	SRR8870488	k119_52130	k119_52130_15	23621	25258	+	PF13450	NAD_binding_8	mer_mercuric_reductase	3.5e-07	30.7
river	SRR8870488	k119_52606	k119_52606_1	1	876	-	PF13450	NAD_binding_8	mer_mercuric_reductase	4.3e-07	30.4
river	SRR8870488	k119_11985	k119_11985_5	3919	5103	-	PF13450	NAD_binding_8	mer_mercuric_reductase	7.3e-07	29.7
river	SRR8870488	k119_18796	k119_18796_1	1	528	-	PF13450	NAD_binding_8	mer_mercuric_reductase	7.5e-07	29.6
river	SRR8870488	k119_14210	k119_14210_5	3507	4760	+	PF13450	NAD_binding_8	mer_mercuric_reductase	8.1e-07	29.5
river	SRR8870488	k119_40698	k119_40698_1	64	1110	+	PF13450	NAD_binding_8	mer_mercuric_reductase	1e-06	29.2
river	SRR8870488	k119_58454	k119_58454_1	2	1207	-	PF13450	NAD_binding_8	mer_mercuric_reductase	1.6e-06	28.6
river	SRR8870488	k119_33188	k119_33188_20	17750	19393	-	PF13450	NAD_binding_8	mer_mercuric_reductase	1.7e-06	28.5
river	SRR8870488	k119_46508	k119_46508_1	2	1012	+	PF13450	NAD_binding_8	mer_mercuric_reductase	2.1e-06	28.2
river	SRR8870488	k119_59001	k119_59001_1	1	1260	+	PF13450	NAD_binding_8	mer_mercuric_reductase	4.1e-06	27.3
river	SRR8870488	k119_32218	k119_32218_1	3	95	-	PF13450	NAD_binding_8	mer_mercuric_reductase	4.5e-06	27.2
river	SRR8870488	k119_27475	k119_27475_5	5469	7157	+	PF13450	NAD_binding_8	mer_mercuric_reductase	4.9e-06	27.0
river	SRR8870488	k119_43674	k119_43674_2	848	2632	+	PF13450	NAD_binding_8	mer_mercuric_reductase	5.2e-06	26.9
river	SRR8870488	k119_58770	k119_58770_1	223	1500	+	PF13450	NAD_binding_8	mer_mercuric_reductase	6.6e-06	26.6
river	SRR8870488	k119_55524	k119_55524_1	2	397	-	PF13450	NAD_binding_8	mer_mercuric_reductase	6.8e-06	26.6
river	SRR8870488	k119_4283	k119_4283_1	2	1207	+	PF13450	NAD_binding_8	mer_mercuric_reductase	6.9e-06	26.6
river	SRR8870488	k119_43192	k119_43192_1	3	923	-	PF13450	NAD_binding_8	mer_mercuric_reductase	7.2e-06	26.5
river	SRR8870488	k119_7354	k119_7354_20	19319	20575	+	PF13450	NAD_binding_8	mer_mercuric_reductase	7.5e-06	26.4
river	SRR8870488	k119_32023	k119_32023_7	6512	8425	-	PF13450	NAD_binding_8	mer_mercuric_reductase	1.1e-05	25.9
river	SRR8870488	k119_36008	k119_36008_11	12842	14998	+	PF13450	NAD_binding_8	mer_mercuric_reductase	1.1e-05	25.9
river	SRR8870488	k119_30036	k119_30036_1	3	326	-	PF13450	NAD_binding_8	mer_mercuric_reductase	1.2e-05	25.8
river	SRR8870488	k119_37427	k119_37427_3	1823	3124	+	PF13450	NAD_binding_8	mer_mercuric_reductase	1.7e-05	25.3
river	SRR8870488	k119_12755	k119_12755_1	114	1268	-	PF13450	NAD_binding_8	mer_mercuric_reductase	2.3e-05	24.9
river	SRR8870488	k119_1634	k119_1634_31	27204	28367	-	PF13450	NAD_binding_8	mer_mercuric_reductase	2.5e-05	24.8
river	SRR8870488	k119_57681	k119_57681_1	109	1500	+	PF13450	NAD_binding_8	mer_mercuric_reductase	2.6e-05	24.7
river	SRR8870488	k119_41604	k119_41604_1	3	461	-	PF13450	NAD_binding_8	mer_mercuric_reductase	3.1e-05	24.5
river	SRR8870488	k119_38577	k119_38577_14	12469	14034	-	PF13450	NAD_binding_8	mer_mercuric_reductase	3.2e-05	24.4
river	SRR8870488	k119_49459	k119_49459_6	4415	5692	-	PF13450	NAD_binding_8	mer_mercuric_reductase	4.4e-05	24.0
river	SRR8870488	k119_20134	k119_20134_1	1	519	-	PF13450	NAD_binding_8	mer_mercuric_reductase	5e-05	23.8
river	SRR8870488	k119_31982	k119_31982_21	23904	25331	+	PF13450	NAD_binding_8	mer_mercuric_reductase	5.6e-05	23.6
river	SRR8870488	k119_7728	k119_7728_5	3478	3762	+	PF13450	NAD_binding_8	mer_mercuric_reductase	5.7e-05	23.6
river	SRR8870488	k119_16268	k119_16268_2	2328	3407	+	PF13450	NAD_binding_8	mer_mercuric_reductase	6.5e-05	23.4
river	SRR8870488	k119_53973	k119_53973_8	7992	9578	-	PF13450	NAD_binding_8	mer_mercuric_reductase	6.7e-05	23.4
river	SRR8870488	k119_8906	k119_8906_1	2	832	-	PF13450	NAD_binding_8	mer_mercuric_reductase	7.5e-05	23.2
river	SRR8870488	k119_57409	k119_57409_2	84	1823	+	PF13450	NAD_binding_8	mer_mercuric_reductase	8.7e-05	23.0
river	SRR8870488	k119_38577	k119_38577_22	19907	21070	+	PF13450	NAD_binding_8	mer_mercuric_reductase	0.0001	22.8
river	SRR8870488	k119_44914	k119_44914_3	1709	2860	+	PF13450	NAD_binding_8	mer_mercuric_reductase	0.0001	22.8
river	SRR8870488	k119_45769	k119_45769_2	342	1391	+	PF13450	NAD_binding_8	mer_mercuric_reductase	0.00011	22.7
river	SRR8870488	k119_32485	k119_32485_11	9544	10920	+	PF13450	NAD_binding_8	mer_mercuric_reductase	0.00011	22.7
river	SRR8870488	k119_12309	k119_12309_1	2	1066	-	PF13450	NAD_binding_8	mer_mercuric_reductase	0.00013	22.5
river	SRR8870488	k119_29835	k119_29835_1	3	512	-	PF13450	NAD_binding_8	mer_mercuric_reductase	0.00013	22.5
river	SRR8870488	k119_4845	k119_4845_1	2	907	-	PF13450	NAD_binding_8	mer_mercuric_reductase	0.00013	22.4
river	SRR8870488	k119_36331	k119_36331_1	2	814	-	PF13450	NAD_binding_8	mer_mercuric_reductase	0.00014	22.3
river	SRR8870488	k119_57361	k119_57361_3	2235	3812	-	PF13450	NAD_binding_8	mer_mercuric_reductase	0.00015	22.2
river	SRR8870488	k119_56783	k119_56783_1	1	1068	-	PF13450	NAD_binding_8	mer_mercuric_reductase	0.00016	22.2
river	SRR8870488	k119_17140	k119_17140_2	465	1136	+	PF13450	NAD_binding_8	mer_mercuric_reductase	0.00025	21.6
river	SRR8870488	k119_37146	k119_37146_22	22350	23627	-	PF13450	NAD_binding_8	mer_mercuric_reductase	0.0003	21.3
river	SRR8870488	k119_12635	k119_12635_1	117	1463	-	PF13450	NAD_binding_8	mer_mercuric_reductase	0.00032	21.2
river	SRR8870488	k119_24374	k119_24374_6	4955	6241	-	PF13450	NAD_binding_8	mer_mercuric_reductase	0.00035	21.1
river	SRR8870488	k119_23959	k119_23959_2	316	1131	+	PF13450	NAD_binding_8	mer_mercuric_reductase	0.0005	20.6
river	SRR8870488	k119_2249	k119_2249_2	965	2740	+	PF13450	NAD_binding_8	mer_mercuric_reductase	0.0005	20.6
river	SRR8870488	k119_27932	k119_27932_3	1001	1804	+	PF13450	NAD_binding_8	mer_mercuric_reductase	0.00059	20.4
river	SRR8870488	k119_60014	k119_60014_2	1185	1460	+	PF13450	NAD_binding_8	mer_mercuric_reductase	0.00059	20.4
river	SRR8870488	k119_54390	k119_54390_3	2006	2863	+	PF13450	NAD_binding_8	mer_mercuric_reductase	0.00064	20.3
river	SRR8870488	k119_47547	k119_47547_1	1	948	+	PF13450	NAD_binding_8	mer_mercuric_reductase	0.00069	20.2
river	SRR8870488	k119_50368	k119_50368_9	7321	8808	-	PF13450	NAD_binding_8	mer_mercuric_reductase	0.00086	19.8
river	SRR8870488	k119_34272	k119_34272_12	13662	14939	+	PF13450	NAD_binding_8	mer_mercuric_reductase	0.00095	19.7
river	SRR8870488	k119_38697	k119_38697_2	1077	1472	+	PF13450	NAD_binding_8	mer_mercuric_reductase	0.0014	19.2
river	SRR8870488	k119_56680	k119_56680_2	559	1449	+	PF13450	NAD_binding_8	mer_mercuric_reductase	0.0014	19.1
river	SRR8870488	k119_49037	k119_49037_1	3	1439	-	PF13450	NAD_binding_8	mer_mercuric_reductase	0.0015	19.1
river	SRR8870488	k119_53740	k119_53740_2	1579	1707	+	PF13450	NAD_binding_8	mer_mercuric_reductase	0.0015	19.1
river	SRR8870488	k119_19029	k119_19029_3	1922	2758	+	PF13450	NAD_binding_8	mer_mercuric_reductase	0.0016	19.0
river	SRR8870488	k119_62698	k119_62698_1	3	1160	-	PF13450	NAD_binding_8	mer_mercuric_reductase	0.0019	18.8
river	SRR8870488	k119_37427	k119_37427_13	9677	11284	-	PF13450	NAD_binding_8	mer_mercuric_reductase	0.0019	18.7
river	SRR8870488	k119_36683	k119_36683_19	19887	21107	+	PF13450	NAD_binding_8	mer_mercuric_reductase	0.002	18.7
river	SRR8870488	k119_34651	k119_34651_2	411	1517	+	PF13450	NAD_binding_8	mer_mercuric_reductase	0.002	18.7
river	SRR8870488	k119_39439	k119_39439_4	3172	4104	+	PF13450	NAD_binding_8	mer_mercuric_reductase	0.0026	18.3
river	SRR8870488	k119_24224	k119_24224_1	2	967	-	PF13450	NAD_binding_8	mer_mercuric_reductase	0.0032	18.0
river	SRR8870488	k119_35705	k119_35705_1	1	1095	-	PF13450	NAD_binding_8	mer_mercuric_reductase	0.0039	17.7
river	SRR8870488	k119_50376	k119_50376_4	2920	4413	+	PF13450	NAD_binding_8	mer_mercuric_reductase	0.0044	17.6
river	SRR8870488	k119_16756	k119_16756_3	1655	2230	+	PF13450	NAD_binding_8	mer_mercuric_reductase	0.0044	17.6
river	SRR8870488	k119_3512	k119_3512_1	2	379	-	PF13450	NAD_binding_8	mer_mercuric_reductase	0.0045	17.5
river	SRR8870488	k119_18435	k119_18435_9	10501	11748	+	PF13450	NAD_binding_8	mer_mercuric_reductase	0.0048	17.4
river	SRR8870488	k119_22565	k119_22565_1	3	179	-	PF13450	NAD_binding_8	mer_mercuric_reductase	0.005	17.4
river	SRR8870488	k119_56320	k119_56320_1	2	547	-	PF13450	NAD_binding_8	mer_mercuric_reductase	0.0052	17.3
river	SRR8870488	k119_51468	k119_51468_4	3000	3407	+	PF13450	NAD_binding_8	mer_mercuric_reductase	0.0053	17.3
river	SRR8870488	k119_22613	k119_22613_2	812	1114	+	PF13450	NAD_binding_8	mer_mercuric_reductase	0.0059	17.2
river	SRR8870488	k119_22568	k119_22568_2	546	1838	-	PF13450	NAD_binding_8	mer_mercuric_reductase	0.0066	17.0
river	SRR8870488	k119_10508	k119_10508_1	2	301	-	PF13450	NAD_binding_8	mer_mercuric_reductase	0.0068	17.0
river	SRR8870488	k119_10494	k119_10494_1	2	301	-	PF13450	NAD_binding_8	mer_mercuric_reductase	0.0076	16.8
river	SRR8870488	k119_2606	k119_2606_4	3584	5578	-	PF13450	NAD_binding_8	mer_mercuric_reductase	0.0079	16.8
river	SRR8870488	k119_19829	k119_19829_1	43	741	-	PF13450	NAD_binding_8	mer_mercuric_reductase	0.0085	16.7
river	SRR8870488	k119_34272	k119_34272_11	11993	13672	+	PF13450	NAD_binding_8	mer_mercuric_reductase	0.011	16.3
river	SRR8870488	k119_16852	k119_16852_3	949	1212	+	PF13450	NAD_binding_8	mer_mercuric_reductase	0.011	16.3
river	SRR8870488	k119_17418	k119_17418_2	587	1180	+	PF13450	NAD_binding_8	mer_mercuric_reductase	0.011	16.2
river	SRR8870488	k119_46314	k119_46314_2	769	1071	+	PF13450	NAD_binding_8	mer_mercuric_reductase	0.013	16.1
river	SRR8870488	k119_10013	k119_10013_1	2	1435	+	PF13450	NAD_binding_8	mer_mercuric_reductase	0.015	15.9
river	SRR8870488	k119_50176	k119_50176_2	411	2993	-	PF13450	NAD_binding_8	mer_mercuric_reductase	0.016	15.8
river	SRR8870488	k119_17502	k119_17502_33	33866	36310	-	PF13450	NAD_binding_8	mer_mercuric_reductase	0.016	15.8
river	SRR8870488	k119_54498	k119_54498_34	38052	39323	-	PF13450	NAD_binding_8	mer_mercuric_reductase	0.016	15.7
river	SRR8870488	k119_4911	k119_4911_3	1370	2704	-	PF13450	NAD_binding_8	mer_mercuric_reductase	0.02	15.5
river	SRR8870488	k119_11037	k119_11037_1	2	1282	-	PF13450	NAD_binding_8	mer_mercuric_reductase	0.021	15.4
river	SRR8870488	k119_62343	k119_62343_1	238	2295	+	PF13450	NAD_binding_8	mer_mercuric_reductase	0.021	15.4
river	SRR8870488	k119_51093	k119_51093_14	10980	11939	-	PF13450	NAD_binding_8	mer_mercuric_reductase	0.021	15.4
river	SRR8870488	k119_39288	k119_39288_6	3471	3683	+	PF13450	NAD_binding_8	mer_mercuric_reductase	0.024	15.2
river	SRR8870488	k119_10225	k119_10225_5	2998	4584	+	PF13450	NAD_binding_8	mer_mercuric_reductase	0.025	15.1
river	SRR8870488	k119_37287	k119_37287_3	1390	2535	+	PF13450	NAD_binding_8	mer_mercuric_reductase	0.028	15.0
river	SRR8870488	k119_20743	k119_20743_11	11071	12600	+	PF13450	NAD_binding_8	mer_mercuric_reductase	0.028	15.0
river	SRR8870488	k119_17187	k119_17187_6	7457	8269	+	PF13450	NAD_binding_8	mer_mercuric_reductase	0.029	14.9
river	SRR8870488	k119_37638	k119_37638_1	1	1035	+	PF13450	NAD_binding_8	mer_mercuric_reductase	0.03	14.9
river	SRR8870488	k119_42762	k119_42762_1	2	1111	-	PF13450	NAD_binding_8	mer_mercuric_reductase	0.031	14.9
river	SRR8870488	k119_42591	k119_42591_1	1	750	-	PF13450	NAD_binding_8	mer_mercuric_reductase	0.045	14.3
river	SRR8870488	k119_14104	k119_14104_1	2	763	-	PF13450	NAD_binding_8	mer_mercuric_reductase	0.045	14.3
river	SRR8870488	k119_30039	k119_30039_1	131	1081	+	PF13450	NAD_binding_8	mer_mercuric_reductase	0.047	14.3
river	SRR8870488	k119_23174	k119_23174_3	808	1761	-	PF13450	NAD_binding_8	mer_mercuric_reductase	0.049	14.2
river	SRR8870488	k119_36433	k119_36433_1	1	411	+	PF02614	UxaC	sil_cus_RND_efflux	7.4e-64	216.6
